BUSIDOL / ELDORADO - BASE CHARACTER STATS 1★ → 8★
============================================================================

Nguồn: CHAR_OUR_TEAM trong eldorado_all_20260915.min.js
Phạm vi: nhân vật cơ bản 1★–8★; loại nhóm thần/thần thú 8★.
Thrue được giữ vì có line tiến hoá nhân vật thường từ 4★ đến 8★.

Công thức:
  STAT(L) = Math.round(start + (end - start) * (L - 1) / (max_level - 1))
  Áp dụng riêng cho Base HP và Base AP.

LƯU Ý QUAN TRỌNG:
  - File giữ NGUYÊN số start/end trong bundle, kể cả record có số liệu bất thường.
  - Không tự sửa các trường hợp start > end hoặc HP đặc biệt.
  - Đây là BASE stat; chưa cộng item, medal, buff, exclusive effect, PvP modifier...

Tổng record được tính: 99

1★: 8 record
2★: 12 record
3★: 12 record
4★: 13 record
5★: 13 record
6★: 13 record
7★: 14 record
8★: 14 record

============================================================================

############################################################################
1★
############################################################################

ID 001 | ACE | Asset: ally_01 | 1★
Max Level: 20
Base AP: 2 -> 35 | raw growth/level = 1.73684210526
Base HP: 10 -> 200 | raw growth/level = 10

Level | Base AP | Base HP
------|---------|---------
    1 |       2 |      10
    2 |       4 |      20
    3 |       5 |      30
    4 |       7 |      40
    5 |       9 |      50
    6 |      11 |      60
    7 |      12 |      70
    8 |      14 |      80
    9 |      16 |      90
   10 |      18 |     100
   11 |      19 |     110
   12 |      21 |     120
   13 |      23 |     130
   14 |      25 |     140
   15 |      26 |     150
   16 |      28 |     160
   17 |      30 |     170
   18 |      32 |     180
   19 |      33 |     190
   20 |      35 |     200

----------------------------------------------------------------------------

ID 002 | ECHO | Asset: ally_02 | 1★
Max Level: 20
Base AP: 1 -> 20 | raw growth/level = 1
Base HP: 10 -> 180 | raw growth/level = 8.94736842105

Level | Base AP | Base HP
------|---------|---------
    1 |       1 |      10
    2 |       2 |      19
    3 |       3 |      28
    4 |       4 |      37
    5 |       5 |      46
    6 |       6 |      55
    7 |       7 |      64
    8 |       8 |      73
    9 |       9 |      82
   10 |      10 |      91
   11 |      11 |      99
   12 |      12 |     108
   13 |      13 |     117
   14 |      14 |     126
   15 |      15 |     135
   16 |      16 |     144
   17 |      17 |     153
   18 |      18 |     162
   19 |      19 |     171
   20 |      20 |     180

----------------------------------------------------------------------------

ID 003 | SMARTY | Asset: ally_03 | 1★
Max Level: 20
Base AP: 3 -> 30 | raw growth/level = 1.42105263158
Base HP: 13 -> 260 | raw growth/level = 13

Level | Base AP | Base HP
------|---------|---------
    1 |       3 |      13
    2 |       4 |      26
    3 |       6 |      39
    4 |       7 |      52
    5 |       9 |      65
    6 |      10 |      78
    7 |      12 |      91
    8 |      13 |     104
    9 |      14 |     117
   10 |      16 |     130
   11 |      17 |     143
   12 |      19 |     156
   13 |      20 |     169
   14 |      21 |     182
   15 |      23 |     195
   16 |      24 |     208
   17 |      26 |     221
   18 |      27 |     234
   19 |      29 |     247
   20 |      30 |     260

----------------------------------------------------------------------------

ID 004 | KHAN | Asset: ally_04 | 1★
Max Level: 20
Base AP: 2 -> 25 | raw growth/level = 1.21052631579
Base HP: 30 -> 600 | raw growth/level = 30

Level | Base AP | Base HP
------|---------|---------
    1 |       2 |      30
    2 |       3 |      60
    3 |       4 |      90
    4 |       6 |     120
    5 |       7 |     150
    6 |       8 |     180
    7 |       9 |     210
    8 |      10 |     240
    9 |      12 |     270
   10 |      13 |     300
   11 |      14 |     330
   12 |      15 |     360
   13 |      17 |     390
   14 |      18 |     420
   15 |      19 |     450
   16 |      20 |     480
   17 |      21 |     510
   18 |      23 |     540
   19 |      24 |     570
   20 |      25 |     600

----------------------------------------------------------------------------

ID 025 | LODY I | Asset: ally_25 | 1★
Max Level: 20
Base AP: 3 -> 40 | raw growth/level = 1.94736842105
Base HP: 12 -> 240 | raw growth/level = 12

Level | Base AP | Base HP
------|---------|---------
    1 |       3 |      12
    2 |       5 |      24
    3 |       7 |      36
    4 |       9 |      48
    5 |      11 |      60
    6 |      13 |      72
    7 |      15 |      84
    8 |      17 |      96
    9 |      19 |     108
   10 |      21 |     120
   11 |      22 |     132
   12 |      24 |     144
   13 |      26 |     156
   14 |      28 |     168
   15 |      30 |     180
   16 |      32 |     192
   17 |      34 |     204
   18 |      36 |     216
   19 |      38 |     228
   20 |      40 |     240

----------------------------------------------------------------------------

ID 031 | BEBEE I | Asset: ally_31 | 1★
Max Level: 20
Base AP: 2 -> 35 | raw growth/level = 1.73684210526
Base HP: 10 -> 200 | raw growth/level = 10

Level | Base AP | Base HP
------|---------|---------
    1 |       2 |      10
    2 |       4 |      20
    3 |       5 |      30
    4 |       7 |      40
    5 |       9 |      50
    6 |      11 |      60
    7 |      12 |      70
    8 |      14 |      80
    9 |      16 |      90
   10 |      18 |     100
   11 |      19 |     110
   12 |      21 |     120
   13 |      23 |     130
   14 |      25 |     140
   15 |      26 |     150
   16 |      28 |     160
   17 |      30 |     170
   18 |      32 |     180
   19 |      33 |     190
   20 |      35 |     200

----------------------------------------------------------------------------

ID 037 | RUBY I | Asset: ally_37 | 1★
Max Level: 20
Base AP: 3 -> 30 | raw growth/level = 1.42105263158
Base HP: 13 -> 260 | raw growth/level = 13

Level | Base AP | Base HP
------|---------|---------
    1 |       3 |      13
    2 |       4 |      26
    3 |       6 |      39
    4 |       7 |      52
    5 |       9 |      65
    6 |      10 |      78
    7 |      12 |      91
    8 |      13 |     104
    9 |      14 |     117
   10 |      16 |     130
   11 |      17 |     143
   12 |      19 |     156
   13 |      20 |     169
   14 |      21 |     182
   15 |      23 |     195
   16 |      24 |     208
   17 |      26 |     221
   18 |      27 |     234
   19 |      29 |     247
   20 |      30 |     260

----------------------------------------------------------------------------

ID 069 | JEY I | Asset: ally_69 | 1★
Max Level: 20
Base AP: 1 -> 25 | raw growth/level = 1.26315789474
Base HP: 10 -> 150 | raw growth/level = 7.36842105263

Level | Base AP | Base HP
------|---------|---------
    1 |       1 |      10
    2 |       2 |      17
    3 |       4 |      25
    4 |       5 |      32
    5 |       6 |      39
    6 |       7 |      47
    7 |       9 |      54
    8 |      10 |      62
    9 |      11 |      69
   10 |      12 |      76
   11 |      14 |      84
   12 |      15 |      91
   13 |      16 |      98
   14 |      17 |     106
   15 |      19 |     113
   16 |      20 |     121
   17 |      21 |     128
   18 |      22 |     135
   19 |      24 |     143
   20 |      25 |     150

----------------------------------------------------------------------------

############################################################################
2★
############################################################################

ID 005 | ACE II | Asset: ally_05 | 2★
Max Level: 30
Base AP: 3 -> 53 | raw growth/level = 1.72413793103
Base HP: 15 -> 300 | raw growth/level = 9.8275862069

Level | Base AP | Base HP
------|---------|---------
    1 |       3 |      15
    2 |       5 |      25
    3 |       6 |      35
    4 |       8 |      44
    5 |      10 |      54
    6 |      12 |      64
    7 |      13 |      74
    8 |      15 |      84
    9 |      17 |      94
   10 |      19 |     103
   11 |      20 |     113
   12 |      22 |     123
   13 |      24 |     133
   14 |      25 |     143
   15 |      27 |     153
   16 |      29 |     162
   17 |      31 |     172
   18 |      32 |     182
   19 |      34 |     192
   20 |      36 |     202
   21 |      37 |     212
   22 |      39 |     221
   23 |      41 |     231
   24 |      43 |     241
   25 |      44 |     251
   26 |      46 |     261
   27 |      48 |     271
   28 |      50 |     280
   29 |      51 |     290
   30 |      53 |     300

----------------------------------------------------------------------------

ID 010 | ECHO II | Asset: ally_10 | 2★
Max Level: 30
Base AP: 2 -> 30 | raw growth/level = 0.965517241379
Base HP: 12 -> 360 | raw growth/level = 12

Level | Base AP | Base HP
------|---------|---------
    1 |       2 |      12
    2 |       3 |      24
    3 |       4 |      36
    4 |       5 |      48
    5 |       6 |      60
    6 |       7 |      72
    7 |       8 |      84
    8 |       9 |      96
    9 |      10 |     108
   10 |      11 |     120
   11 |      12 |     132
   12 |      13 |     144
   13 |      14 |     156
   14 |      15 |     168
   15 |      16 |     180
   16 |      16 |     192
   17 |      17 |     204
   18 |      18 |     216
   19 |      19 |     228
   20 |      20 |     240
   21 |      21 |     252
   22 |      22 |     264
   23 |      23 |     276
   24 |      24 |     288
   25 |      25 |     300
   26 |      26 |     312
   27 |      27 |     324
   28 |      28 |     336
   29 |      29 |     348
   30 |      30 |     360

----------------------------------------------------------------------------

ID 015 | SMARTY II | Asset: ally_15 | 2★
Max Level: 30
Base AP: 5 -> 45 | raw growth/level = 1.37931034483
Base HP: 20 -> 390 | raw growth/level = 12.7586206897

Level | Base AP | Base HP
------|---------|---------
    1 |       5 |      20
    2 |       6 |      33
    3 |       8 |      46
    4 |       9 |      58
    5 |      11 |      71
    6 |      12 |      84
    7 |      13 |      97
    8 |      15 |     109
    9 |      16 |     122
   10 |      17 |     135
   11 |      19 |     148
   12 |      20 |     160
   13 |      22 |     173
   14 |      23 |     186
   15 |      24 |     199
   16 |      26 |     211
   17 |      27 |     224
   18 |      28 |     237
   19 |      30 |     250
   20 |      31 |     262
   21 |      33 |     275
   22 |      34 |     288
   23 |      35 |     301
   24 |      37 |     313
   25 |      38 |     326
   26 |      39 |     339
   27 |      41 |     352
   28 |      42 |     364
   29 |      44 |     377
   30 |      45 |     390

----------------------------------------------------------------------------

ID 020 | KHAN II | Asset: ally_20 | 2★
Max Level: 30
Base AP: 3 -> 38 | raw growth/level = 1.20689655172
Base HP: 45 -> 900 | raw growth/level = 29.4827586207

Level | Base AP | Base HP
------|---------|---------
    1 |       3 |      45
    2 |       4 |      74
    3 |       5 |     104
    4 |       7 |     133
    5 |       8 |     163
    6 |       9 |     192
    7 |      10 |     222
    8 |      11 |     251
    9 |      13 |     281
   10 |      14 |     310
   11 |      15 |     340
   12 |      16 |     369
   13 |      17 |     399
   14 |      19 |     428
   15 |      20 |     458
   16 |      21 |     487
   17 |      22 |     517
   18 |      24 |     546
   19 |      25 |     576
   20 |      26 |     605
   21 |      27 |     635
   22 |      28 |     664
   23 |      30 |     694
   24 |      31 |     723
   25 |      32 |     753
   26 |      33 |     782
   27 |      34 |     812
   28 |      36 |     841
   29 |      37 |     871
   30 |      38 |     900

----------------------------------------------------------------------------

ID 026 | LODY II | Asset: ally_26 | 2★
Max Level: 30
Base AP: 5 -> 60 | raw growth/level = 1.89655172414
Base HP: 18 -> 360 | raw growth/level = 11.7931034483

Level | Base AP | Base HP
------|---------|---------
    1 |       5 |      18
    2 |       7 |      30
    3 |       9 |      42
    4 |      11 |      53
    5 |      13 |      65
    6 |      14 |      77
    7 |      16 |      89
    8 |      18 |     101
    9 |      20 |     112
   10 |      22 |     124
   11 |      24 |     136
   12 |      26 |     148
   13 |      28 |     160
   14 |      30 |     171
   15 |      32 |     183
   16 |      33 |     195
   17 |      35 |     207
   18 |      37 |     218
   19 |      39 |     230
   20 |      41 |     242
   21 |      43 |     254
   22 |      45 |     266
   23 |      47 |     277
   24 |      49 |     289
   25 |      51 |     301
   26 |      52 |     313
   27 |      54 |     325
   28 |      56 |     336
   29 |      58 |     348
   30 |      60 |     360

----------------------------------------------------------------------------

ID 032 | BEBEE II | Asset: ally_32 | 2★
Max Level: 30
Base AP: 3 -> 53 | raw growth/level = 1.72413793103
Base HP: 15 -> 300 | raw growth/level = 9.8275862069

Level | Base AP | Base HP
------|---------|---------
    1 |       3 |      15
    2 |       5 |      25
    3 |       6 |      35
    4 |       8 |      44
    5 |      10 |      54
    6 |      12 |      64
    7 |      13 |      74
    8 |      15 |      84
    9 |      17 |      94
   10 |      19 |     103
   11 |      20 |     113
   12 |      22 |     123
   13 |      24 |     133
   14 |      25 |     143
   15 |      27 |     153
   16 |      29 |     162
   17 |      31 |     172
   18 |      32 |     182
   19 |      34 |     192
   20 |      36 |     202
   21 |      37 |     212
   22 |      39 |     221
   23 |      41 |     231
   24 |      43 |     241
   25 |      44 |     251
   26 |      46 |     261
   27 |      48 |     271
   28 |      50 |     280
   29 |      51 |     290
   30 |      53 |     300

----------------------------------------------------------------------------

ID 038 | RUBY II | Asset: ally_38 | 2★
Max Level: 30
Base AP: 5 -> 45 | raw growth/level = 1.37931034483
Base HP: 20 -> 390 | raw growth/level = 12.7586206897

Level | Base AP | Base HP
------|---------|---------
    1 |       5 |      20
    2 |       6 |      33
    3 |       8 |      46
    4 |       9 |      58
    5 |      11 |      71
    6 |      12 |      84
    7 |      13 |      97
    8 |      15 |     109
    9 |      16 |     122
   10 |      17 |     135
   11 |      19 |     148
   12 |      20 |     160
   13 |      22 |     173
   14 |      23 |     186
   15 |      24 |     199
   16 |      26 |     211
   17 |      27 |     224
   18 |      28 |     237
   19 |      30 |     250
   20 |      31 |     262
   21 |      33 |     275
   22 |      34 |     288
   23 |      35 |     301
   24 |      37 |     313
   25 |      38 |     326
   26 |      39 |     339
   27 |      41 |     352
   28 |      42 |     364
   29 |      44 |     377
   30 |      45 |     390

----------------------------------------------------------------------------

ID 043 | GOLDMAN II | Asset: ally_43 | 2★
Max Level: 30
Base AP: 3 -> 53 | raw growth/level = 1.72413793103
Base HP: 20 -> 390 | raw growth/level = 12.7586206897

Level | Base AP | Base HP
------|---------|---------
    1 |       3 |      20
    2 |       5 |      33
    3 |       6 |      46
    4 |       8 |      58
    5 |      10 |      71
    6 |      12 |      84
    7 |      13 |      97
    8 |      15 |     109
    9 |      17 |     122
   10 |      19 |     135
   11 |      20 |     148
   12 |      22 |     160
   13 |      24 |     173
   14 |      25 |     186
   15 |      27 |     199
   16 |      29 |     211
   17 |      31 |     224
   18 |      32 |     237
   19 |      34 |     250
   20 |      36 |     262
   21 |      37 |     275
   22 |      39 |     288
   23 |      41 |     301
   24 |      43 |     313
   25 |      44 |     326
   26 |      46 |     339
   27 |      48 |     352
   28 |      50 |     364
   29 |      51 |     377
   30 |      53 |     390

----------------------------------------------------------------------------

ID 051 | GINGERMAN II | Asset: ally_51 | 2★
Max Level: 30
Base AP: 3 -> 53 | raw growth/level = 1.72413793103
Base HP: 20 -> 390 | raw growth/level = 12.7586206897

Level | Base AP | Base HP
------|---------|---------
    1 |       3 |      20
    2 |       5 |      33
    3 |       6 |      46
    4 |       8 |      58
    5 |      10 |      71
    6 |      12 |      84
    7 |      13 |      97
    8 |      15 |     109
    9 |      17 |     122
   10 |      19 |     135
   11 |      20 |     148
   12 |      22 |     160
   13 |      24 |     173
   14 |      25 |     186
   15 |      27 |     199
   16 |      29 |     211
   17 |      31 |     224
   18 |      32 |     237
   19 |      34 |     250
   20 |      36 |     262
   21 |      37 |     275
   22 |      39 |     288
   23 |      41 |     301
   24 |      43 |     313
   25 |      44 |     326
   26 |      46 |     339
   27 |      48 |     352
   28 |      50 |     364
   29 |      51 |     377
   30 |      53 |     390

----------------------------------------------------------------------------

ID 057 | BENSI II | Asset: ally_57 | 2★
Max Level: 30
Base AP: 5 -> 48 | raw growth/level = 1.48275862069
Base HP: 21 -> 416 | raw growth/level = 13.6206896552

Level | Base AP | Base HP
------|---------|---------
    1 |       5 |      21
    2 |       6 |      35
    3 |       8 |      48
    4 |       9 |      62
    5 |      11 |      75
    6 |      12 |      89
    7 |      14 |     103
    8 |      15 |     116
    9 |      17 |     130
   10 |      18 |     144
   11 |      20 |     157
   12 |      21 |     171
   13 |      23 |     184
   14 |      24 |     198
   15 |      26 |     212
   16 |      27 |     225
   17 |      29 |     239
   18 |      30 |     253
   19 |      32 |     266
   20 |      33 |     280
   21 |      35 |     293
   22 |      36 |     307
   23 |      38 |     321
   24 |      39 |     334
   25 |      41 |     348
   26 |      42 |     362
   27 |      44 |     375
   28 |      45 |     389
   29 |      47 |     402
   30 |      48 |     416

----------------------------------------------------------------------------

ID 070 | JEY II | Asset: ally_70 | 2★
Max Level: 30
Base AP: 2 -> 40 | raw growth/level = 1.31034482759
Base HP: 16 -> 240 | raw growth/level = 7.72413793103

Level | Base AP | Base HP
------|---------|---------
    1 |       2 |      16
    2 |       3 |      24
    3 |       5 |      31
    4 |       6 |      39
    5 |       7 |      47
    6 |       9 |      55
    7 |      10 |      62
    8 |      11 |      70
    9 |      12 |      78
   10 |      14 |      86
   11 |      15 |      93
   12 |      16 |     101
   13 |      18 |     109
   14 |      19 |     116
   15 |      20 |     124
   16 |      22 |     132
   17 |      23 |     140
   18 |      24 |     147
   19 |      26 |     155
   20 |      27 |     163
   21 |      28 |     170
   22 |      30 |     178
   23 |      31 |     186
   24 |      32 |     194
   25 |      33 |     201
   26 |      35 |     209
   27 |      36 |     217
   28 |      37 |     225
   29 |      39 |     232
   30 |      40 |     240

----------------------------------------------------------------------------

ID 076 | COW II | Asset: ally_76 | 2★
Max Level: 30
Base AP: 4 -> 48 | raw growth/level = 1.51724137931
Base HP: 1 -> 1 | raw growth/level = 0
SOURCE NOTE: HP không đổi

Level | Base AP | Base HP
------|---------|---------
    1 |       4 |       1
    2 |       6 |       1
    3 |       7 |       1
    4 |       9 |       1
    5 |      10 |       1
    6 |      12 |       1
    7 |      13 |       1
    8 |      15 |       1
    9 |      16 |       1
   10 |      18 |       1
   11 |      19 |       1
   12 |      21 |       1
   13 |      22 |       1
   14 |      24 |       1
   15 |      25 |       1
   16 |      27 |       1
   17 |      28 |       1
   18 |      30 |       1
   19 |      31 |       1
   20 |      33 |       1
   21 |      34 |       1
   22 |      36 |       1
   23 |      37 |       1
   24 |      39 |       1
   25 |      40 |       1
   26 |      42 |       1
   27 |      43 |       1
   28 |      45 |       1
   29 |      46 |       1
   30 |      48 |       1

----------------------------------------------------------------------------

############################################################################
3★
############################################################################

ID 006 | ACE III | Asset: ally_06 | 3★
Max Level: 40
Base AP: 6 -> 105 | raw growth/level = 2.53846153846
Base HP: 30 -> 600 | raw growth/level = 14.6153846154

Level | Base AP | Base HP
------|---------|---------
    1 |       6 |      30
    2 |       9 |      45
    3 |      11 |      59
    4 |      14 |      74
    5 |      16 |      88
    6 |      19 |     103
    7 |      21 |     118
    8 |      24 |     132
    9 |      26 |     147
   10 |      29 |     162
   11 |      31 |     176
   12 |      34 |     191
   13 |      36 |     205
   14 |      39 |     220
   15 |      42 |     235
   16 |      44 |     249
   17 |      47 |     264
   18 |      49 |     278
   19 |      52 |     293
   20 |      54 |     308
   21 |      57 |     322
   22 |      59 |     337
   23 |      62 |     352
   24 |      64 |     366
   25 |      67 |     381
   26 |      69 |     395
   27 |      72 |     410
   28 |      75 |     425
   29 |      77 |     439
   30 |      80 |     454
   31 |      82 |     468
   32 |      85 |     483
   33 |      87 |     498
   34 |      90 |     512
   35 |      92 |     527
   36 |      95 |     542
   37 |      97 |     556
   38 |     100 |     571
   39 |     102 |     585
   40 |     105 |     600

----------------------------------------------------------------------------

ID 011 | ECHO III | Asset: ally_11 | 3★
Max Level: 40
Base AP: 3 -> 60 | raw growth/level = 1.46153846154
Base HP: 30 -> 540 | raw growth/level = 13.0769230769

Level | Base AP | Base HP
------|---------|---------
    1 |       3 |      30
    2 |       4 |      43
    3 |       6 |      56
    4 |       7 |      69
    5 |       9 |      82
    6 |      10 |      95
    7 |      12 |     108
    8 |      13 |     122
    9 |      15 |     135
   10 |      16 |     148
   11 |      18 |     161
   12 |      19 |     174
   13 |      21 |     187
   14 |      22 |     200
   15 |      23 |     213
   16 |      25 |     226
   17 |      26 |     239
   18 |      28 |     252
   19 |      29 |     265
   20 |      31 |     278
   21 |      32 |     292
   22 |      34 |     305
   23 |      35 |     318
   24 |      37 |     331
   25 |      38 |     344
   26 |      40 |     357
   27 |      41 |     370
   28 |      42 |     383
   29 |      44 |     396
   30 |      45 |     409
   31 |      47 |     422
   32 |      48 |     435
   33 |      50 |     448
   34 |      51 |     462
   35 |      53 |     475
   36 |      54 |     488
   37 |      56 |     501
   38 |      57 |     514
   39 |      59 |     527
   40 |      60 |     540

----------------------------------------------------------------------------

ID 016 | SMARTY III | Asset: ally_16 | 3★
Max Level: 40
Base AP: 9 -> 90 | raw growth/level = 2.07692307692
Base HP: 39 -> 780 | raw growth/level = 19

Level | Base AP | Base HP
------|---------|---------
    1 |       9 |      39
    2 |      11 |      58
    3 |      13 |      77
    4 |      15 |      96
    5 |      17 |     115
    6 |      19 |     134
    7 |      21 |     153
    8 |      24 |     172
    9 |      26 |     191
   10 |      28 |     210
   11 |      30 |     229
   12 |      32 |     248
   13 |      34 |     267
   14 |      36 |     286
   15 |      38 |     305
   16 |      40 |     324
   17 |      42 |     343
   18 |      44 |     362
   19 |      46 |     381
   20 |      48 |     400
   21 |      51 |     419
   22 |      53 |     438
   23 |      55 |     457
   24 |      57 |     476
   25 |      59 |     495
   26 |      61 |     514
   27 |      63 |     533
   28 |      65 |     552
   29 |      67 |     571
   30 |      69 |     590
   31 |      71 |     609
   32 |      73 |     628
   33 |      75 |     647
   34 |      78 |     666
   35 |      80 |     685
   36 |      82 |     704
   37 |      84 |     723
   38 |      86 |     742
   39 |      88 |     761
   40 |      90 |     780

----------------------------------------------------------------------------

ID 021 | KHAN III | Asset: ally_21 | 3★
Max Level: 40
Base AP: 6 -> 75 | raw growth/level = 1.76923076923
Base HP: 90 -> 1800 | raw growth/level = 43.8461538462

Level | Base AP | Base HP
------|---------|---------
    1 |       6 |      90
    2 |       8 |     134
    3 |      10 |     178
    4 |      11 |     222
    5 |      13 |     265
    6 |      15 |     309
    7 |      17 |     353
    8 |      18 |     397
    9 |      20 |     441
   10 |      22 |     485
   11 |      24 |     528
   12 |      25 |     572
   13 |      27 |     616
   14 |      29 |     660
   15 |      31 |     704
   16 |      33 |     748
   17 |      34 |     792
   18 |      36 |     835
   19 |      38 |     879
   20 |      40 |     923
   21 |      41 |     967
   22 |      43 |    1011
   23 |      45 |    1055
   24 |      47 |    1098
   25 |      48 |    1142
   26 |      50 |    1186
   27 |      52 |    1230
   28 |      54 |    1274
   29 |      56 |    1318
   30 |      57 |    1362
   31 |      59 |    1405
   32 |      61 |    1449
   33 |      63 |    1493
   34 |      64 |    1537
   35 |      66 |    1581
   36 |      68 |    1625
   37 |      70 |    1668
   38 |      71 |    1712
   39 |      73 |    1756
   40 |      75 |    1800

----------------------------------------------------------------------------

ID 027 | LODY III | Asset: ally_27 | 3★
Max Level: 40
Base AP: 9 -> 120 | raw growth/level = 2.84615384615
Base HP: 36 -> 720 | raw growth/level = 17.5384615385

Level | Base AP | Base HP
------|---------|---------
    1 |       9 |      36
    2 |      12 |      54
    3 |      15 |      71
    4 |      18 |      89
    5 |      20 |     106
    6 |      23 |     124
    7 |      26 |     141
    8 |      29 |     159
    9 |      32 |     176
   10 |      35 |     194
   11 |      37 |     211
   12 |      40 |     229
   13 |      43 |     246
   14 |      46 |     264
   15 |      49 |     282
   16 |      52 |     299
   17 |      55 |     317
   18 |      57 |     334
   19 |      60 |     352
   20 |      63 |     369
   21 |      66 |     387
   22 |      69 |     404
   23 |      72 |     422
   24 |      74 |     439
   25 |      77 |     457
   26 |      80 |     474
   27 |      83 |     492
   28 |      86 |     510
   29 |      89 |     527
   30 |      92 |     545
   31 |      94 |     562
   32 |      97 |     580
   33 |     100 |     597
   34 |     103 |     615
   35 |     106 |     632
   36 |     109 |     650
   37 |     111 |     667
   38 |     114 |     685
   39 |     117 |     702
   40 |     120 |     720

----------------------------------------------------------------------------

ID 033 | BEBEE III | Asset: ally_33 | 3★
Max Level: 40
Base AP: 6 -> 105 | raw growth/level = 2.53846153846
Base HP: 30 -> 600 | raw growth/level = 14.6153846154

Level | Base AP | Base HP
------|---------|---------
    1 |       6 |      30
    2 |       9 |      45
    3 |      11 |      59
    4 |      14 |      74
    5 |      16 |      88
    6 |      19 |     103
    7 |      21 |     118
    8 |      24 |     132
    9 |      26 |     147
   10 |      29 |     162
   11 |      31 |     176
   12 |      34 |     191
   13 |      36 |     205
   14 |      39 |     220
   15 |      42 |     235
   16 |      44 |     249
   17 |      47 |     264
   18 |      49 |     278
   19 |      52 |     293
   20 |      54 |     308
   21 |      57 |     322
   22 |      59 |     337
   23 |      62 |     352
   24 |      64 |     366
   25 |      67 |     381
   26 |      69 |     395
   27 |      72 |     410
   28 |      75 |     425
   29 |      77 |     439
   30 |      80 |     454
   31 |      82 |     468
   32 |      85 |     483
   33 |      87 |     498
   34 |      90 |     512
   35 |      92 |     527
   36 |      95 |     542
   37 |      97 |     556
   38 |     100 |     571
   39 |     102 |     585
   40 |     105 |     600

----------------------------------------------------------------------------

ID 039 | RUBY III | Asset: ally_39 | 3★
Max Level: 40
Base AP: 9 -> 90 | raw growth/level = 2.07692307692
Base HP: 39 -> 780 | raw growth/level = 19

Level | Base AP | Base HP
------|---------|---------
    1 |       9 |      39
    2 |      11 |      58
    3 |      13 |      77
    4 |      15 |      96
    5 |      17 |     115
    6 |      19 |     134
    7 |      21 |     153
    8 |      24 |     172
    9 |      26 |     191
   10 |      28 |     210
   11 |      30 |     229
   12 |      32 |     248
   13 |      34 |     267
   14 |      36 |     286
   15 |      38 |     305
   16 |      40 |     324
   17 |      42 |     343
   18 |      44 |     362
   19 |      46 |     381
   20 |      48 |     400
   21 |      51 |     419
   22 |      53 |     438
   23 |      55 |     457
   24 |      57 |     476
   25 |      59 |     495
   26 |      61 |     514
   27 |      63 |     533
   28 |      65 |     552
   29 |      67 |     571
   30 |      69 |     590
   31 |      71 |     609
   32 |      73 |     628
   33 |      75 |     647
   34 |      78 |     666
   35 |      80 |     685
   36 |      82 |     704
   37 |      84 |     723
   38 |      86 |     742
   39 |      88 |     761
   40 |      90 |     780

----------------------------------------------------------------------------

ID 044 | GOLDMAN III | Asset: ally_44 | 3★
Max Level: 40
Base AP: 6 -> 105 | raw growth/level = 2.53846153846
Base HP: 39 -> 780 | raw growth/level = 19

Level | Base AP | Base HP
------|---------|---------
    1 |       6 |      39
    2 |       9 |      58
    3 |      11 |      77
    4 |      14 |      96
    5 |      16 |     115
    6 |      19 |     134
    7 |      21 |     153
    8 |      24 |     172
    9 |      26 |     191
   10 |      29 |     210
   11 |      31 |     229
   12 |      34 |     248
   13 |      36 |     267
   14 |      39 |     286
   15 |      42 |     305
   16 |      44 |     324
   17 |      47 |     343
   18 |      49 |     362
   19 |      52 |     381
   20 |      54 |     400
   21 |      57 |     419
   22 |      59 |     438
   23 |      62 |     457
   24 |      64 |     476
   25 |      67 |     495
   26 |      69 |     514
   27 |      72 |     533
   28 |      75 |     552
   29 |      77 |     571
   30 |      80 |     590
   31 |      82 |     609
   32 |      85 |     628
   33 |      87 |     647
   34 |      90 |     666
   35 |      92 |     685
   36 |      95 |     704
   37 |      97 |     723
   38 |     100 |     742
   39 |     102 |     761
   40 |     105 |     780

----------------------------------------------------------------------------

ID 052 | GINGERMAN III | Asset: ally_52 | 3★
Max Level: 40
Base AP: 6 -> 105 | raw growth/level = 2.53846153846
Base HP: 39 -> 780 | raw growth/level = 19

Level | Base AP | Base HP
------|---------|---------
    1 |       6 |      39
    2 |       9 |      58
    3 |      11 |      77
    4 |      14 |      96
    5 |      16 |     115
    6 |      19 |     134
    7 |      21 |     153
    8 |      24 |     172
    9 |      26 |     191
   10 |      29 |     210
   11 |      31 |     229
   12 |      34 |     248
   13 |      36 |     267
   14 |      39 |     286
   15 |      42 |     305
   16 |      44 |     324
   17 |      47 |     343
   18 |      49 |     362
   19 |      52 |     381
   20 |      54 |     400
   21 |      57 |     419
   22 |      59 |     438
   23 |      62 |     457
   24 |      64 |     476
   25 |      67 |     495
   26 |      69 |     514
   27 |      72 |     533
   28 |      75 |     552
   29 |      77 |     571
   30 |      80 |     590
   31 |      82 |     609
   32 |      85 |     628
   33 |      87 |     647
   34 |      90 |     666
   35 |      92 |     685
   36 |      95 |     704
   37 |      97 |     723
   38 |     100 |     742
   39 |     102 |     761
   40 |     105 |     780

----------------------------------------------------------------------------

ID 058 | BENSI III | Asset: ally_58 | 3★
Max Level: 40
Base AP: 10 -> 96 | raw growth/level = 2.20512820513
Base HP: 42 -> 832 | raw growth/level = 20.2564102564

Level | Base AP | Base HP
------|---------|---------
    1 |      10 |      42
    2 |      12 |      62
    3 |      14 |      83
    4 |      17 |     103
    5 |      19 |     123
    6 |      21 |     143
    7 |      23 |     164
    8 |      25 |     184
    9 |      28 |     204
   10 |      30 |     224
   11 |      32 |     245
   12 |      34 |     265
   13 |      36 |     285
   14 |      39 |     305
   15 |      41 |     326
   16 |      43 |     346
   17 |      45 |     366
   18 |      47 |     386
   19 |      50 |     407
   20 |      52 |     427
   21 |      54 |     447
   22 |      56 |     467
   23 |      59 |     488
   24 |      61 |     508
   25 |      63 |     528
   26 |      65 |     548
   27 |      67 |     569
   28 |      70 |     589
   29 |      72 |     609
   30 |      74 |     629
   31 |      76 |     650
   32 |      78 |     670
   33 |      81 |     690
   34 |      83 |     710
   35 |      85 |     731
   36 |      87 |     751
   37 |      89 |     771
   38 |      92 |     791
   39 |      94 |     812
   40 |      96 |     832

----------------------------------------------------------------------------

ID 071 | JEY III | Asset: ally_71 | 3★
Max Level: 40
Base AP: 4 -> 80 | raw growth/level = 1.94871794872
Base HP: 32 -> 480 | raw growth/level = 11.4871794872

Level | Base AP | Base HP
------|---------|---------
    1 |       4 |      32
    2 |       6 |      43
    3 |       8 |      55
    4 |      10 |      66
    5 |      12 |      78
    6 |      14 |      89
    7 |      16 |     101
    8 |      18 |     112
    9 |      20 |     124
   10 |      22 |     135
   11 |      23 |     147
   12 |      25 |     158
   13 |      27 |     170
   14 |      29 |     181
   15 |      31 |     193
   16 |      33 |     204
   17 |      35 |     216
   18 |      37 |     227
   19 |      39 |     239
   20 |      41 |     250
   21 |      43 |     262
   22 |      45 |     273
   23 |      47 |     285
   24 |      49 |     296
   25 |      51 |     308
   26 |      53 |     319
   27 |      55 |     331
   28 |      57 |     342
   29 |      59 |     354
   30 |      61 |     365
   31 |      62 |     377
   32 |      64 |     388
   33 |      66 |     400
   34 |      68 |     411
   35 |      70 |     423
   36 |      72 |     434
   37 |      74 |     446
   38 |      76 |     457
   39 |      78 |     469
   40 |      80 |     480

----------------------------------------------------------------------------

ID 077 | COW III | Asset: ally_77 | 3★
Max Level: 40
Base AP: 7 -> 96 | raw growth/level = 2.28205128205
Base HP: 1 -> 1 | raw growth/level = 0
SOURCE NOTE: HP không đổi

Level | Base AP | Base HP
------|---------|---------
    1 |       7 |       1
    2 |       9 |       1
    3 |      12 |       1
    4 |      14 |       1
    5 |      16 |       1
    6 |      18 |       1
    7 |      21 |       1
    8 |      23 |       1
    9 |      25 |       1
   10 |      28 |       1
   11 |      30 |       1
   12 |      32 |       1
   13 |      34 |       1
   14 |      37 |       1
   15 |      39 |       1
   16 |      41 |       1
   17 |      44 |       1
   18 |      46 |       1
   19 |      48 |       1
   20 |      50 |       1
   21 |      53 |       1
   22 |      55 |       1
   23 |      57 |       1
   24 |      59 |       1
   25 |      62 |       1
   26 |      64 |       1
   27 |      66 |       1
   28 |      69 |       1
   29 |      71 |       1
   30 |      73 |       1
   31 |      75 |       1
   32 |      78 |       1
   33 |      80 |       1
   34 |      82 |       1
   35 |      85 |       1
   36 |      87 |       1
   37 |      89 |       1
   38 |      91 |       1
   39 |      94 |       1
   40 |      96 |       1

----------------------------------------------------------------------------

############################################################################
4★
############################################################################

ID 007 | ACE IV | Asset: ally_07 | 4★
Max Level: 50
Base AP: 15 -> 263 | raw growth/level = 5.0612244898
Base HP: 75 -> 1500 | raw growth/level = 29.0816326531

Level | Base AP | Base HP
------|---------|---------
    1 |      15 |      75
    2 |      20 |     104
    3 |      25 |     133
    4 |      30 |     162
    5 |      35 |     191
    6 |      40 |     220
    7 |      45 |     249
    8 |      50 |     279
    9 |      55 |     308
   10 |      61 |     337
   11 |      66 |     366
   12 |      71 |     395
   13 |      76 |     424
   14 |      81 |     453
   15 |      86 |     482
   16 |      91 |     511
   17 |      96 |     540
   18 |     101 |     569
   19 |     106 |     598
   20 |     111 |     628
   21 |     116 |     657
   22 |     121 |     686
   23 |     126 |     715
   24 |     131 |     744
   25 |     136 |     773
   26 |     142 |     802
   27 |     147 |     831
   28 |     152 |     860
   29 |     157 |     889
   30 |     162 |     918
   31 |     167 |     947
   32 |     172 |     977
   33 |     177 |    1006
   34 |     182 |    1035
   35 |     187 |    1064
   36 |     192 |    1093
   37 |     197 |    1122
   38 |     202 |    1151
   39 |     207 |    1180
   40 |     212 |    1209
   41 |     217 |    1238
   42 |     223 |    1267
   43 |     228 |    1296
   44 |     233 |    1326
   45 |     238 |    1355
   46 |     243 |    1384
   47 |     248 |    1413
   48 |     253 |    1442
   49 |     258 |    1471
   50 |     263 |    1500

----------------------------------------------------------------------------

ID 012 | ECHO IV | Asset: ally_12 | 4★
Max Level: 50
Base AP: 8 -> 150 | raw growth/level = 2.89795918367
Base HP: 75 -> 1350 | raw growth/level = 26.0204081633

Level | Base AP | Base HP
------|---------|---------
    1 |       8 |      75
    2 |      11 |     101
    3 |      14 |     127
    4 |      17 |     153
    5 |      20 |     179
    6 |      22 |     205
    7 |      25 |     231
    8 |      28 |     257
    9 |      31 |     283
   10 |      34 |     309
   11 |      37 |     335
   12 |      40 |     361
   13 |      43 |     387
   14 |      46 |     413
   15 |      49 |     439
   16 |      51 |     465
   17 |      54 |     491
   18 |      57 |     517
   19 |      60 |     543
   20 |      63 |     569
   21 |      66 |     595
   22 |      69 |     621
   23 |      72 |     647
   24 |      75 |     673
   25 |      78 |     699
   26 |      80 |     726
   27 |      83 |     752
   28 |      86 |     778
   29 |      89 |     804
   30 |      92 |     830
   31 |      95 |     856
   32 |      98 |     882
   33 |     101 |     908
   34 |     104 |     934
   35 |     107 |     960
   36 |     109 |     986
   37 |     112 |    1012
   38 |     115 |    1038
   39 |     118 |    1064
   40 |     121 |    1090
   41 |     124 |    1116
   42 |     127 |    1142
   43 |     130 |    1168
   44 |     133 |    1194
   45 |     136 |    1220
   46 |     138 |    1246
   47 |     141 |    1272
   48 |     144 |    1298
   49 |     147 |    1324
   50 |     150 |    1350

----------------------------------------------------------------------------

ID 017 | SMARTY IV | Asset: ally_17 | 4★
Max Level: 50
Base AP: 23 -> 225 | raw growth/level = 4.12244897959
Base HP: 98 -> 1950 | raw growth/level = 37.7959183673

Level | Base AP | Base HP
------|---------|---------
    1 |      23 |      98
    2 |      27 |     136
    3 |      31 |     174
    4 |      35 |     211
    5 |      39 |     249
    6 |      44 |     287
    7 |      48 |     325
    8 |      52 |     363
    9 |      56 |     400
   10 |      60 |     438
   11 |      64 |     476
   12 |      68 |     514
   13 |      72 |     552
   14 |      77 |     589
   15 |      81 |     627
   16 |      85 |     665
   17 |      89 |     703
   18 |      93 |     741
   19 |      97 |     778
   20 |     101 |     816
   21 |     105 |     854
   22 |     110 |     892
   23 |     114 |     930
   24 |     118 |     967
   25 |     122 |    1005
   26 |     126 |    1043
   27 |     130 |    1081
   28 |     134 |    1118
   29 |     138 |    1156
   30 |     143 |    1194
   31 |     147 |    1232
   32 |     151 |    1270
   33 |     155 |    1307
   34 |     159 |    1345
   35 |     163 |    1383
   36 |     167 |    1421
   37 |     171 |    1459
   38 |     176 |    1496
   39 |     180 |    1534
   40 |     184 |    1572
   41 |     188 |    1610
   42 |     192 |    1648
   43 |     196 |    1685
   44 |     200 |    1723
   45 |     204 |    1761
   46 |     209 |    1799
   47 |     213 |    1837
   48 |     217 |    1874
   49 |     221 |    1912
   50 |     225 |    1950

----------------------------------------------------------------------------

ID 022 | KHAN IV | Asset: ally_22 | 4★
Max Level: 50
Base AP: 15 -> 188 | raw growth/level = 3.5306122449
Base HP: 225 -> 4500 | raw growth/level = 87.2448979592

Level | Base AP | Base HP
------|---------|---------
    1 |      15 |     225
    2 |      19 |     312
    3 |      22 |     399
    4 |      26 |     487
    5 |      29 |     574
    6 |      33 |     661
    7 |      36 |     748
    8 |      40 |     836
    9 |      43 |     923
   10 |      47 |    1010
   11 |      50 |    1097
   12 |      54 |    1185
   13 |      57 |    1272
   14 |      61 |    1359
   15 |      64 |    1446
   16 |      68 |    1534
   17 |      71 |    1621
   18 |      75 |    1708
   19 |      79 |    1795
   20 |      82 |    1883
   21 |      86 |    1970
   22 |      89 |    2057
   23 |      93 |    2144
   24 |      96 |    2232
   25 |     100 |    2319
   26 |     103 |    2406
   27 |     107 |    2493
   28 |     110 |    2581
   29 |     114 |    2668
   30 |     117 |    2755
   31 |     121 |    2842
   32 |     124 |    2930
   33 |     128 |    3017
   34 |     132 |    3104
   35 |     135 |    3191
   36 |     139 |    3279
   37 |     142 |    3366
   38 |     146 |    3453
   39 |     149 |    3540
   40 |     153 |    3628
   41 |     156 |    3715
   42 |     160 |    3802
   43 |     163 |    3889
   44 |     167 |    3977
   45 |     170 |    4064
   46 |     174 |    4151
   47 |     177 |    4238
   48 |     181 |    4326
   49 |     184 |    4413
   50 |     188 |    4500

----------------------------------------------------------------------------

ID 028 | LODY IV | Asset: ally_28 | 4★
Max Level: 50
Base AP: 23 -> 300 | raw growth/level = 5.65306122449
Base HP: 90 -> 1800 | raw growth/level = 34.8979591837

Level | Base AP | Base HP
------|---------|---------
    1 |      23 |      90
    2 |      29 |     125
    3 |      34 |     160
    4 |      40 |     195
    5 |      46 |     230
    6 |      51 |     264
    7 |      57 |     299
    8 |      63 |     334
    9 |      68 |     369
   10 |      74 |     404
   11 |      80 |     439
   12 |      85 |     474
   13 |      91 |     509
   14 |      96 |     544
   15 |     102 |     579
   16 |     108 |     613
   17 |     113 |     648
   18 |     119 |     683
   19 |     125 |     718
   20 |     130 |     753
   21 |     136 |     788
   22 |     142 |     823
   23 |     147 |     858
   24 |     153 |     893
   25 |     159 |     928
   26 |     164 |     962
   27 |     170 |     997
   28 |     176 |    1032
   29 |     181 |    1067
   30 |     187 |    1102
   31 |     193 |    1137
   32 |     198 |    1172
   33 |     204 |    1207
   34 |     210 |    1242
   35 |     215 |    1277
   36 |     221 |    1311
   37 |     227 |    1346
   38 |     232 |    1381
   39 |     238 |    1416
   40 |     243 |    1451
   41 |     249 |    1486
   42 |     255 |    1521
   43 |     260 |    1556
   44 |     266 |    1591
   45 |     272 |    1626
   46 |     277 |    1660
   47 |     283 |    1695
   48 |     289 |    1730
   49 |     294 |    1765
   50 |     300 |    1800

----------------------------------------------------------------------------

ID 034 | BEBEE IV | Asset: ally_34 | 4★
Max Level: 50
Base AP: 15 -> 263 | raw growth/level = 5.0612244898
Base HP: 75 -> 1500 | raw growth/level = 29.0816326531

Level | Base AP | Base HP
------|---------|---------
    1 |      15 |      75
    2 |      20 |     104
    3 |      25 |     133
    4 |      30 |     162
    5 |      35 |     191
    6 |      40 |     220
    7 |      45 |     249
    8 |      50 |     279
    9 |      55 |     308
   10 |      61 |     337
   11 |      66 |     366
   12 |      71 |     395
   13 |      76 |     424
   14 |      81 |     453
   15 |      86 |     482
   16 |      91 |     511
   17 |      96 |     540
   18 |     101 |     569
   19 |     106 |     598
   20 |     111 |     628
   21 |     116 |     657
   22 |     121 |     686
   23 |     126 |     715
   24 |     131 |     744
   25 |     136 |     773
   26 |     142 |     802
   27 |     147 |     831
   28 |     152 |     860
   29 |     157 |     889
   30 |     162 |     918
   31 |     167 |     947
   32 |     172 |     977
   33 |     177 |    1006
   34 |     182 |    1035
   35 |     187 |    1064
   36 |     192 |    1093
   37 |     197 |    1122
   38 |     202 |    1151
   39 |     207 |    1180
   40 |     212 |    1209
   41 |     217 |    1238
   42 |     223 |    1267
   43 |     228 |    1296
   44 |     233 |    1326
   45 |     238 |    1355
   46 |     243 |    1384
   47 |     248 |    1413
   48 |     253 |    1442
   49 |     258 |    1471
   50 |     263 |    1500

----------------------------------------------------------------------------

ID 040 | RUBY IV | Asset: ally_40 | 4★
Max Level: 50
Base AP: 23 -> 225 | raw growth/level = 4.12244897959
Base HP: 98 -> 1950 | raw growth/level = 37.7959183673

Level | Base AP | Base HP
------|---------|---------
    1 |      23 |      98
    2 |      27 |     136
    3 |      31 |     174
    4 |      35 |     211
    5 |      39 |     249
    6 |      44 |     287
    7 |      48 |     325
    8 |      52 |     363
    9 |      56 |     400
   10 |      60 |     438
   11 |      64 |     476
   12 |      68 |     514
   13 |      72 |     552
   14 |      77 |     589
   15 |      81 |     627
   16 |      85 |     665
   17 |      89 |     703
   18 |      93 |     741
   19 |      97 |     778
   20 |     101 |     816
   21 |     105 |     854
   22 |     110 |     892
   23 |     114 |     930
   24 |     118 |     967
   25 |     122 |    1005
   26 |     126 |    1043
   27 |     130 |    1081
   28 |     134 |    1118
   29 |     138 |    1156
   30 |     143 |    1194
   31 |     147 |    1232
   32 |     151 |    1270
   33 |     155 |    1307
   34 |     159 |    1345
   35 |     163 |    1383
   36 |     167 |    1421
   37 |     171 |    1459
   38 |     176 |    1496
   39 |     180 |    1534
   40 |     184 |    1572
   41 |     188 |    1610
   42 |     192 |    1648
   43 |     196 |    1685
   44 |     200 |    1723
   45 |     204 |    1761
   46 |     209 |    1799
   47 |     213 |    1837
   48 |     217 |    1874
   49 |     221 |    1912
   50 |     225 |    1950

----------------------------------------------------------------------------

ID 045 | GOLDMAN IV | Asset: ally_45 | 4★
Max Level: 50
Base AP: 15 -> 263 | raw growth/level = 5.0612244898
Base HP: 98 -> 1950 | raw growth/level = 37.7959183673

Level | Base AP | Base HP
------|---------|---------
    1 |      15 |      98
    2 |      20 |     136
    3 |      25 |     174
    4 |      30 |     211
    5 |      35 |     249
    6 |      40 |     287
    7 |      45 |     325
    8 |      50 |     363
    9 |      55 |     400
   10 |      61 |     438
   11 |      66 |     476
   12 |      71 |     514
   13 |      76 |     552
   14 |      81 |     589
   15 |      86 |     627
   16 |      91 |     665
   17 |      96 |     703
   18 |     101 |     741
   19 |     106 |     778
   20 |     111 |     816
   21 |     116 |     854
   22 |     121 |     892
   23 |     126 |     930
   24 |     131 |     967
   25 |     136 |    1005
   26 |     142 |    1043
   27 |     147 |    1081
   28 |     152 |    1118
   29 |     157 |    1156
   30 |     162 |    1194
   31 |     167 |    1232
   32 |     172 |    1270
   33 |     177 |    1307
   34 |     182 |    1345
   35 |     187 |    1383
   36 |     192 |    1421
   37 |     197 |    1459
   38 |     202 |    1496
   39 |     207 |    1534
   40 |     212 |    1572
   41 |     217 |    1610
   42 |     223 |    1648
   43 |     228 |    1685
   44 |     233 |    1723
   45 |     238 |    1761
   46 |     243 |    1799
   47 |     248 |    1837
   48 |     253 |    1874
   49 |     258 |    1912
   50 |     263 |    1950

----------------------------------------------------------------------------

ID 053 | GINGERMAN IV | Asset: ally_53 | 4★
Max Level: 50
Base AP: 15 -> 263 | raw growth/level = 5.0612244898
Base HP: 98 -> 1950 | raw growth/level = 37.7959183673

Level | Base AP | Base HP
------|---------|---------
    1 |      15 |      98
    2 |      20 |     136
    3 |      25 |     174
    4 |      30 |     211
    5 |      35 |     249
    6 |      40 |     287
    7 |      45 |     325
    8 |      50 |     363
    9 |      55 |     400
   10 |      61 |     438
   11 |      66 |     476
   12 |      71 |     514
   13 |      76 |     552
   14 |      81 |     589
   15 |      86 |     627
   16 |      91 |     665
   17 |      96 |     703
   18 |     101 |     741
   19 |     106 |     778
   20 |     111 |     816
   21 |     116 |     854
   22 |     121 |     892
   23 |     126 |     930
   24 |     131 |     967
   25 |     136 |    1005
   26 |     142 |    1043
   27 |     147 |    1081
   28 |     152 |    1118
   29 |     157 |    1156
   30 |     162 |    1194
   31 |     167 |    1232
   32 |     172 |    1270
   33 |     177 |    1307
   34 |     182 |    1345
   35 |     187 |    1383
   36 |     192 |    1421
   37 |     197 |    1459
   38 |     202 |    1496
   39 |     207 |    1534
   40 |     212 |    1572
   41 |     217 |    1610
   42 |     223 |    1648
   43 |     228 |    1685
   44 |     233 |    1723
   45 |     238 |    1761
   46 |     243 |    1799
   47 |     248 |    1837
   48 |     253 |    1874
   49 |     258 |    1912
   50 |     263 |    1950

----------------------------------------------------------------------------

ID 059 | BENSI IV | Asset: ally_59 | 4★
Max Level: 50
Base AP: 24 -> 240 | raw growth/level = 4.40816326531
Base HP: 104 -> 2080 | raw growth/level = 40.3265306122

Level | Base AP | Base HP
------|---------|---------
    1 |      24 |     104
    2 |      28 |     144
    3 |      33 |     185
    4 |      37 |     225
    5 |      42 |     265
    6 |      46 |     306
    7 |      50 |     346
    8 |      55 |     386
    9 |      59 |     427
   10 |      64 |     467
   11 |      68 |     507
   12 |      72 |     548
   13 |      77 |     588
   14 |      81 |     628
   15 |      86 |     669
   16 |      90 |     709
   17 |      95 |     749
   18 |      99 |     790
   19 |     103 |     830
   20 |     108 |     870
   21 |     112 |     911
   22 |     117 |     951
   23 |     121 |     991
   24 |     125 |    1032
   25 |     130 |    1072
   26 |     134 |    1112
   27 |     139 |    1152
   28 |     143 |    1193
   29 |     147 |    1233
   30 |     152 |    1273
   31 |     156 |    1314
   32 |     161 |    1354
   33 |     165 |    1394
   34 |     169 |    1435
   35 |     174 |    1475
   36 |     178 |    1515
   37 |     183 |    1556
   38 |     187 |    1596
   39 |     192 |    1636
   40 |     196 |    1677
   41 |     200 |    1717
   42 |     205 |    1757
   43 |     209 |    1798
   44 |     214 |    1838
   45 |     218 |    1878
   46 |     222 |    1919
   47 |     227 |    1959
   48 |     231 |    1999
   49 |     236 |    2040
   50 |     240 |    2080

----------------------------------------------------------------------------

ID 072 | JEY IV | Asset: ally_72 | 4★
Max Level: 50
Base AP: 8 -> 200 | raw growth/level = 3.91836734694
Base HP: 80 -> 1200 | raw growth/level = 22.8571428571

Level | Base AP | Base HP
------|---------|---------
    1 |       8 |      80
    2 |      12 |     103
    3 |      16 |     126
    4 |      20 |     149
    5 |      24 |     171
    6 |      28 |     194
    7 |      32 |     217
    8 |      35 |     240
    9 |      39 |     263
   10 |      43 |     286
   11 |      47 |     309
   12 |      51 |     331
   13 |      55 |     354
   14 |      59 |     377
   15 |      63 |     400
   16 |      67 |     423
   17 |      71 |     446
   18 |      75 |     469
   19 |      79 |     491
   20 |      82 |     514
   21 |      86 |     537
   22 |      90 |     560
   23 |      94 |     583
   24 |      98 |     606
   25 |     102 |     629
   26 |     106 |     651
   27 |     110 |     674
   28 |     114 |     697
   29 |     118 |     720
   30 |     122 |     743
   31 |     126 |     766
   32 |     129 |     789
   33 |     133 |     811
   34 |     137 |     834
   35 |     141 |     857
   36 |     145 |     880
   37 |     149 |     903
   38 |     153 |     926
   39 |     157 |     949
   40 |     161 |     971
   41 |     165 |     994
   42 |     169 |    1017
   43 |     173 |    1040
   44 |     176 |    1063
   45 |     180 |    1086
   46 |     184 |    1109
   47 |     188 |    1131
   48 |     192 |    1154
   49 |     196 |    1177
   50 |     200 |    1200

----------------------------------------------------------------------------

ID 078 | COW IV | Asset: ally_78 | 4★
Max Level: 50
Base AP: 16 -> 240 | raw growth/level = 4.57142857143
Base HP: 1 -> 1 | raw growth/level = 0
SOURCE NOTE: HP không đổi

Level | Base AP | Base HP
------|---------|---------
    1 |      16 |       1
    2 |      21 |       1
    3 |      25 |       1
    4 |      30 |       1
    5 |      34 |       1
    6 |      39 |       1
    7 |      43 |       1
    8 |      48 |       1
    9 |      53 |       1
   10 |      57 |       1
   11 |      62 |       1
   12 |      66 |       1
   13 |      71 |       1
   14 |      75 |       1
   15 |      80 |       1
   16 |      85 |       1
   17 |      89 |       1
   18 |      94 |       1
   19 |      98 |       1
   20 |     103 |       1
   21 |     107 |       1
   22 |     112 |       1
   23 |     117 |       1
   24 |     121 |       1
   25 |     126 |       1
   26 |     130 |       1
   27 |     135 |       1
   28 |     139 |       1
   29 |     144 |       1
   30 |     149 |       1
   31 |     153 |       1
   32 |     158 |       1
   33 |     162 |       1
   34 |     167 |       1
   35 |     171 |       1
   36 |     176 |       1
   37 |     181 |       1
   38 |     185 |       1
   39 |     190 |       1
   40 |     194 |       1
   41 |     199 |       1
   42 |     203 |       1
   43 |     208 |       1
   44 |     213 |       1
   45 |     217 |       1
   46 |     222 |       1
   47 |     226 |       1
   48 |     231 |       1
   49 |     235 |       1
   50 |     240 |       1

----------------------------------------------------------------------------

ID 096 | Mercenary Thrue | Asset: ally_96 | 4★
Max Level: 50
Base AP: 18 -> 315 | raw growth/level = 6.0612244898
Base HP: 90 -> 1800 | raw growth/level = 34.8979591837

Level | Base AP | Base HP
------|---------|---------
    1 |      18 |      90
    2 |      24 |     125
    3 |      30 |     160
    4 |      36 |     195
    5 |      42 |     230
    6 |      48 |     264
    7 |      54 |     299
    8 |      60 |     334
    9 |      66 |     369
   10 |      73 |     404
   11 |      79 |     439
   12 |      85 |     474
   13 |      91 |     509
   14 |      97 |     544
   15 |     103 |     579
   16 |     109 |     613
   17 |     115 |     648
   18 |     121 |     683
   19 |     127 |     718
   20 |     133 |     753
   21 |     139 |     788
   22 |     145 |     823
   23 |     151 |     858
   24 |     157 |     893
   25 |     163 |     928
   26 |     170 |     962
   27 |     176 |     997
   28 |     182 |    1032
   29 |     188 |    1067
   30 |     194 |    1102
   31 |     200 |    1137
   32 |     206 |    1172
   33 |     212 |    1207
   34 |     218 |    1242
   35 |     224 |    1277
   36 |     230 |    1311
   37 |     236 |    1346
   38 |     242 |    1381
   39 |     248 |    1416
   40 |     254 |    1451
   41 |     260 |    1486
   42 |     267 |    1521
   43 |     273 |    1556
   44 |     279 |    1591
   45 |     285 |    1626
   46 |     291 |    1660
   47 |     297 |    1695
   48 |     303 |    1730
   49 |     309 |    1765
   50 |     315 |    1800

----------------------------------------------------------------------------

############################################################################
5★
############################################################################

ID 008 | ACE V | Asset: ally_08 | 5★
Max Level: 60
Base AP: 45 -> 788 | raw growth/level = 12.593220339
Base HP: 225 -> 4500 | raw growth/level = 72.4576271186

Level | Base AP | Base HP
------|---------|---------
    1 |      45 |     225
    2 |      58 |     297
    3 |      70 |     370
    4 |      83 |     442
    5 |      95 |     515
    6 |     108 |     587
    7 |     121 |     660
    8 |     133 |     732
    9 |     146 |     805
   10 |     158 |     877
   11 |     171 |     950
   12 |     184 |    1022
   13 |     196 |    1094
   14 |     209 |    1167
   15 |     221 |    1239
   16 |     234 |    1312
   17 |     246 |    1384
   18 |     259 |    1457
   19 |     272 |    1529
   20 |     284 |    1602
   21 |     297 |    1674
   22 |     309 |    1747
   23 |     322 |    1819
   24 |     335 |    1892
   25 |     347 |    1964
   26 |     360 |    2036
   27 |     372 |    2109
   28 |     385 |    2181
   29 |     398 |    2254
   30 |     410 |    2326
   31 |     423 |    2399
   32 |     435 |    2471
   33 |     448 |    2544
   34 |     461 |    2616
   35 |     473 |    2689
   36 |     486 |    2761
   37 |     498 |    2833
   38 |     511 |    2906
   39 |     524 |    2978
   40 |     536 |    3051
   41 |     549 |    3123
   42 |     561 |    3196
   43 |     574 |    3268
   44 |     587 |    3341
   45 |     599 |    3413
   46 |     612 |    3486
   47 |     624 |    3558
   48 |     637 |    3631
   49 |     649 |    3703
   50 |     662 |    3775
   51 |     675 |    3848
   52 |     687 |    3920
   53 |     700 |    3993
   54 |     712 |    4065
   55 |     725 |    4138
   56 |     738 |    4210
   57 |     750 |    4283
   58 |     763 |    4355
   59 |     775 |    4428
   60 |     788 |    4500

----------------------------------------------------------------------------

ID 013 | ECHO V | Asset: ally_13 | 5★
Max Level: 60
Base AP: 23 -> 450 | raw growth/level = 7.23728813559
Base HP: 225 -> 4050 | raw growth/level = 64.8305084746

Level | Base AP | Base HP
------|---------|---------
    1 |      23 |     225
    2 |      30 |     290
    3 |      37 |     355
    4 |      45 |     419
    5 |      52 |     484
    6 |      59 |     549
    7 |      66 |     614
    8 |      74 |     679
    9 |      81 |     744
   10 |      88 |     808
   11 |      95 |     873
   12 |     103 |     938
   13 |     110 |    1003
   14 |     117 |    1068
   15 |     124 |    1133
   16 |     132 |    1197
   17 |     139 |    1262
   18 |     146 |    1327
   19 |     153 |    1392
   20 |     161 |    1457
   21 |     168 |    1522
   22 |     175 |    1586
   23 |     182 |    1651
   24 |     189 |    1716
   25 |     197 |    1781
   26 |     204 |    1846
   27 |     211 |    1911
   28 |     218 |    1975
   29 |     226 |    2040
   30 |     233 |    2105
   31 |     240 |    2170
   32 |     247 |    2235
   33 |     255 |    2300
   34 |     262 |    2364
   35 |     269 |    2429
   36 |     276 |    2494
   37 |     284 |    2559
   38 |     291 |    2624
   39 |     298 |    2689
   40 |     305 |    2753
   41 |     312 |    2818
   42 |     320 |    2883
   43 |     327 |    2948
   44 |     334 |    3013
   45 |     341 |    3078
   46 |     349 |    3142
   47 |     356 |    3207
   48 |     363 |    3272
   49 |     370 |    3337
   50 |     378 |    3402
   51 |     385 |    3467
   52 |     392 |    3531
   53 |     399 |    3596
   54 |     407 |    3661
   55 |     414 |    3726
   56 |     421 |    3791
   57 |     428 |    3856
   58 |     436 |    3920
   59 |     443 |    3985
   60 |     450 |    4050

----------------------------------------------------------------------------

ID 018 | SMARTY V | Asset: ally_18 | 5★
Max Level: 60
Base AP: 68 -> 675 | raw growth/level = 10.2881355932
Base HP: 293 -> 5850 | raw growth/level = 94.186440678

Level | Base AP | Base HP
------|---------|---------
    1 |      68 |     293
    2 |      78 |     387
    3 |      89 |     481
    4 |      99 |     576
    5 |     109 |     670
    6 |     119 |     764
    7 |     130 |     858
    8 |     140 |     952
    9 |     150 |    1046
   10 |     161 |    1141
   11 |     171 |    1235
   12 |     181 |    1329
   13 |     191 |    1423
   14 |     202 |    1517
   15 |     212 |    1612
   16 |     222 |    1706
   17 |     233 |    1800
   18 |     243 |    1894
   19 |     253 |    1988
   20 |     263 |    2083
   21 |     274 |    2177
   22 |     284 |    2271
   23 |     294 |    2365
   24 |     305 |    2459
   25 |     315 |    2553
   26 |     325 |    2648
   27 |     335 |    2742
   28 |     346 |    2836
   29 |     356 |    2930
   30 |     366 |    3024
   31 |     377 |    3119
   32 |     387 |    3213
   33 |     397 |    3307
   34 |     408 |    3401
   35 |     418 |    3495
   36 |     428 |    3590
   37 |     438 |    3684
   38 |     449 |    3778
   39 |     459 |    3872
   40 |     469 |    3966
   41 |     480 |    4060
   42 |     490 |    4155
   43 |     500 |    4249
   44 |     510 |    4343
   45 |     521 |    4437
   46 |     531 |    4531
   47 |     541 |    4626
   48 |     552 |    4720
   49 |     562 |    4814
   50 |     572 |    4908
   51 |     582 |    5002
   52 |     593 |    5097
   53 |     603 |    5191
   54 |     613 |    5285
   55 |     624 |    5379
   56 |     634 |    5473
   57 |     644 |    5567
   58 |     654 |    5662
   59 |     665 |    5756
   60 |     675 |    5850

----------------------------------------------------------------------------

ID 023 | KHAN V | Asset: ally_23 | 5★
Max Level: 60
Base AP: 45 -> 563 | raw growth/level = 8.77966101695
Base HP: 675 -> 13500 | raw growth/level = 217.372881356

Level | Base AP | Base HP
------|---------|---------
    1 |      45 |     675
    2 |      54 |     892
    3 |      63 |    1110
    4 |      71 |    1327
    5 |      80 |    1544
    6 |      89 |    1762
    7 |      98 |    1979
    8 |     106 |    2197
    9 |     115 |    2414
   10 |     124 |    2631
   11 |     133 |    2849
   12 |     142 |    3066
   13 |     150 |    3283
   14 |     159 |    3501
   15 |     168 |    3718
   16 |     177 |    3936
   17 |     185 |    4153
   18 |     194 |    4370
   19 |     203 |    4588
   20 |     212 |    4805
   21 |     221 |    5022
   22 |     229 |    5240
   23 |     238 |    5457
   24 |     247 |    5675
   25 |     256 |    5892
   26 |     264 |    6109
   27 |     273 |    6327
   28 |     282 |    6544
   29 |     291 |    6761
   30 |     300 |    6979
   31 |     308 |    7196
   32 |     317 |    7414
   33 |     326 |    7631
   34 |     335 |    7848
   35 |     344 |    8066
   36 |     352 |    8283
   37 |     361 |    8500
   38 |     370 |    8718
   39 |     379 |    8935
   40 |     387 |    9153
   41 |     396 |    9370
   42 |     405 |    9587
   43 |     414 |    9805
   44 |     423 |   10022
   45 |     431 |   10239
   46 |     440 |   10457
   47 |     449 |   10674
   48 |     458 |   10892
   49 |     466 |   11109
   50 |     475 |   11326
   51 |     484 |   11544
   52 |     493 |   11761
   53 |     502 |   11978
   54 |     510 |   12196
   55 |     519 |   12413
   56 |     528 |   12631
   57 |     537 |   12848
   58 |     545 |   13065
   59 |     554 |   13283
   60 |     563 |   13500

----------------------------------------------------------------------------

ID 029 | LODY V | Asset: ally_29 | 5★
Max Level: 60
Base AP: 68 -> 900 | raw growth/level = 14.1016949153
Base HP: 270 -> 5400 | raw growth/level = 86.9491525424

Level | Base AP | Base HP
------|---------|---------
    1 |      68 |     270
    2 |      82 |     357
    3 |      96 |     444
    4 |     110 |     531
    5 |     124 |     618
    6 |     139 |     705
    7 |     153 |     792
    8 |     167 |     879
    9 |     181 |     966
   10 |     195 |    1053
   11 |     209 |    1139
   12 |     223 |    1226
   13 |     237 |    1313
   14 |     251 |    1400
   15 |     265 |    1487
   16 |     280 |    1574
   17 |     294 |    1661
   18 |     308 |    1748
   19 |     322 |    1835
   20 |     336 |    1922
   21 |     350 |    2009
   22 |     364 |    2096
   23 |     378 |    2183
   24 |     392 |    2270
   25 |     406 |    2357
   26 |     421 |    2444
   27 |     435 |    2531
   28 |     449 |    2618
   29 |     463 |    2705
   30 |     477 |    2792
   31 |     491 |    2878
   32 |     505 |    2965
   33 |     519 |    3052
   34 |     533 |    3139
   35 |     547 |    3226
   36 |     562 |    3313
   37 |     576 |    3400
   38 |     590 |    3487
   39 |     604 |    3574
   40 |     618 |    3661
   41 |     632 |    3748
   42 |     646 |    3835
   43 |     660 |    3922
   44 |     674 |    4009
   45 |     688 |    4096
   46 |     703 |    4183
   47 |     717 |    4270
   48 |     731 |    4357
   49 |     745 |    4444
   50 |     759 |    4531
   51 |     773 |    4617
   52 |     787 |    4704
   53 |     801 |    4791
   54 |     815 |    4878
   55 |     829 |    4965
   56 |     844 |    5052
   57 |     858 |    5139
   58 |     872 |    5226
   59 |     886 |    5313
   60 |     900 |    5400

----------------------------------------------------------------------------

ID 035 | BEBEE V | Asset: ally_35 | 5★
Max Level: 60
Base AP: 45 -> 788 | raw growth/level = 12.593220339
Base HP: 225 -> 4500 | raw growth/level = 72.4576271186

Level | Base AP | Base HP
------|---------|---------
    1 |      45 |     225
    2 |      58 |     297
    3 |      70 |     370
    4 |      83 |     442
    5 |      95 |     515
    6 |     108 |     587
    7 |     121 |     660
    8 |     133 |     732
    9 |     146 |     805
   10 |     158 |     877
   11 |     171 |     950
   12 |     184 |    1022
   13 |     196 |    1094
   14 |     209 |    1167
   15 |     221 |    1239
   16 |     234 |    1312
   17 |     246 |    1384
   18 |     259 |    1457
   19 |     272 |    1529
   20 |     284 |    1602
   21 |     297 |    1674
   22 |     309 |    1747
   23 |     322 |    1819
   24 |     335 |    1892
   25 |     347 |    1964
   26 |     360 |    2036
   27 |     372 |    2109
   28 |     385 |    2181
   29 |     398 |    2254
   30 |     410 |    2326
   31 |     423 |    2399
   32 |     435 |    2471
   33 |     448 |    2544
   34 |     461 |    2616
   35 |     473 |    2689
   36 |     486 |    2761
   37 |     498 |    2833
   38 |     511 |    2906
   39 |     524 |    2978
   40 |     536 |    3051
   41 |     549 |    3123
   42 |     561 |    3196
   43 |     574 |    3268
   44 |     587 |    3341
   45 |     599 |    3413
   46 |     612 |    3486
   47 |     624 |    3558
   48 |     637 |    3631
   49 |     649 |    3703
   50 |     662 |    3775
   51 |     675 |    3848
   52 |     687 |    3920
   53 |     700 |    3993
   54 |     712 |    4065
   55 |     725 |    4138
   56 |     738 |    4210
   57 |     750 |    4283
   58 |     763 |    4355
   59 |     775 |    4428
   60 |     788 |    4500

----------------------------------------------------------------------------

ID 041 | RUBY V | Asset: ally_41 | 5★
Max Level: 60
Base AP: 68 -> 675 | raw growth/level = 10.2881355932
Base HP: 293 -> 5850 | raw growth/level = 94.186440678

Level | Base AP | Base HP
------|---------|---------
    1 |      68 |     293
    2 |      78 |     387
    3 |      89 |     481
    4 |      99 |     576
    5 |     109 |     670
    6 |     119 |     764
    7 |     130 |     858
    8 |     140 |     952
    9 |     150 |    1046
   10 |     161 |    1141
   11 |     171 |    1235
   12 |     181 |    1329
   13 |     191 |    1423
   14 |     202 |    1517
   15 |     212 |    1612
   16 |     222 |    1706
   17 |     233 |    1800
   18 |     243 |    1894
   19 |     253 |    1988
   20 |     263 |    2083
   21 |     274 |    2177
   22 |     284 |    2271
   23 |     294 |    2365
   24 |     305 |    2459
   25 |     315 |    2553
   26 |     325 |    2648
   27 |     335 |    2742
   28 |     346 |    2836
   29 |     356 |    2930
   30 |     366 |    3024
   31 |     377 |    3119
   32 |     387 |    3213
   33 |     397 |    3307
   34 |     408 |    3401
   35 |     418 |    3495
   36 |     428 |    3590
   37 |     438 |    3684
   38 |     449 |    3778
   39 |     459 |    3872
   40 |     469 |    3966
   41 |     480 |    4060
   42 |     490 |    4155
   43 |     500 |    4249
   44 |     510 |    4343
   45 |     521 |    4437
   46 |     531 |    4531
   47 |     541 |    4626
   48 |     552 |    4720
   49 |     562 |    4814
   50 |     572 |    4908
   51 |     582 |    5002
   52 |     593 |    5097
   53 |     603 |    5191
   54 |     613 |    5285
   55 |     624 |    5379
   56 |     634 |    5473
   57 |     644 |    5567
   58 |     654 |    5662
   59 |     665 |    5756
   60 |     675 |    5850

----------------------------------------------------------------------------

ID 046 | GOLDMAN V | Asset: ally_46 | 5★
Max Level: 60
Base AP: 47 -> 814 | raw growth/level = 13
Base HP: 303 -> 6045 | raw growth/level = 97.3220338983

Level | Base AP | Base HP
------|---------|---------
    1 |      47 |     303
    2 |      60 |     400
    3 |      73 |     498
    4 |      86 |     595
    5 |      99 |     692
    6 |     112 |     790
    7 |     125 |     887
    8 |     138 |     984
    9 |     151 |    1082
   10 |     164 |    1179
   11 |     177 |    1276
   12 |     190 |    1374
   13 |     203 |    1471
   14 |     216 |    1568
   15 |     229 |    1666
   16 |     242 |    1763
   17 |     255 |    1860
   18 |     268 |    1957
   19 |     281 |    2055
   20 |     294 |    2152
   21 |     307 |    2249
   22 |     320 |    2347
   23 |     333 |    2444
   24 |     346 |    2541
   25 |     359 |    2639
   26 |     372 |    2736
   27 |     385 |    2833
   28 |     398 |    2931
   29 |     411 |    3028
   30 |     424 |    3125
   31 |     437 |    3223
   32 |     450 |    3320
   33 |     463 |    3417
   34 |     476 |    3515
   35 |     489 |    3612
   36 |     502 |    3709
   37 |     515 |    3807
   38 |     528 |    3904
   39 |     541 |    4001
   40 |     554 |    4099
   41 |     567 |    4196
   42 |     580 |    4293
   43 |     593 |    4391
   44 |     606 |    4488
   45 |     619 |    4585
   46 |     632 |    4682
   47 |     645 |    4780
   48 |     658 |    4877
   49 |     671 |    4974
   50 |     684 |    5072
   51 |     697 |    5169
   52 |     710 |    5266
   53 |     723 |    5364
   54 |     736 |    5461
   55 |     749 |    5558
   56 |     762 |    5656
   57 |     775 |    5753
   58 |     788 |    5850
   59 |     801 |    5948
   60 |     814 |    6045

----------------------------------------------------------------------------

ID 054 | GINGERMAN V | Asset: ally_54 | 5★
Max Level: 60
Base AP: 45 -> 788 | raw growth/level = 12.593220339
Base HP: 293 -> 5850 | raw growth/level = 94.186440678

Level | Base AP | Base HP
------|---------|---------
    1 |      45 |     293
    2 |      58 |     387
    3 |      70 |     481
    4 |      83 |     576
    5 |      95 |     670
    6 |     108 |     764
    7 |     121 |     858
    8 |     133 |     952
    9 |     146 |    1046
   10 |     158 |    1141
   11 |     171 |    1235
   12 |     184 |    1329
   13 |     196 |    1423
   14 |     209 |    1517
   15 |     221 |    1612
   16 |     234 |    1706
   17 |     246 |    1800
   18 |     259 |    1894
   19 |     272 |    1988
   20 |     284 |    2083
   21 |     297 |    2177
   22 |     309 |    2271
   23 |     322 |    2365
   24 |     335 |    2459
   25 |     347 |    2553
   26 |     360 |    2648
   27 |     372 |    2742
   28 |     385 |    2836
   29 |     398 |    2930
   30 |     410 |    3024
   31 |     423 |    3119
   32 |     435 |    3213
   33 |     448 |    3307
   34 |     461 |    3401
   35 |     473 |    3495
   36 |     486 |    3590
   37 |     498 |    3684
   38 |     511 |    3778
   39 |     524 |    3872
   40 |     536 |    3966
   41 |     549 |    4060
   42 |     561 |    4155
   43 |     574 |    4249
   44 |     587 |    4343
   45 |     599 |    4437
   46 |     612 |    4531
   47 |     624 |    4626
   48 |     637 |    4720
   49 |     649 |    4814
   50 |     662 |    4908
   51 |     675 |    5002
   52 |     687 |    5097
   53 |     700 |    5191
   54 |     712 |    5285
   55 |     725 |    5379
   56 |     738 |    5473
   57 |     750 |    5567
   58 |     763 |    5662
   59 |     775 |    5756
   60 |     788 |    5850

----------------------------------------------------------------------------

ID 060 | BENSI V | Asset: ally_60 | 5★
Max Level: 60
Base AP: 72 -> 720 | raw growth/level = 10.9830508475
Base HP: 312 -> 6240 | raw growth/level = 100.474576271

Level | Base AP | Base HP
------|---------|---------
    1 |      72 |     312
    2 |      83 |     412
    3 |      94 |     513
    4 |     105 |     613
    5 |     116 |     714
    6 |     127 |     814
    7 |     138 |     915
    8 |     149 |    1015
    9 |     160 |    1116
   10 |     171 |    1216
   11 |     182 |    1317
   12 |     193 |    1417
   13 |     204 |    1518
   14 |     215 |    1618
   15 |     226 |    1719
   16 |     237 |    1819
   17 |     248 |    1920
   18 |     259 |    2020
   19 |     270 |    2121
   20 |     281 |    2221
   21 |     292 |    2321
   22 |     303 |    2422
   23 |     314 |    2522
   24 |     325 |    2623
   25 |     336 |    2723
   26 |     347 |    2824
   27 |     358 |    2924
   28 |     369 |    3025
   29 |     380 |    3125
   30 |     391 |    3226
   31 |     401 |    3326
   32 |     412 |    3427
   33 |     423 |    3527
   34 |     434 |    3628
   35 |     445 |    3728
   36 |     456 |    3829
   37 |     467 |    3929
   38 |     478 |    4030
   39 |     489 |    4130
   40 |     500 |    4231
   41 |     511 |    4331
   42 |     522 |    4431
   43 |     533 |    4532
   44 |     544 |    4632
   45 |     555 |    4733
   46 |     566 |    4833
   47 |     577 |    4934
   48 |     588 |    5034
   49 |     599 |    5135
   50 |     610 |    5235
   51 |     621 |    5336
   52 |     632 |    5436
   53 |     643 |    5537
   54 |     654 |    5637
   55 |     665 |    5738
   56 |     676 |    5838
   57 |     687 |    5939
   58 |     698 |    6039
   59 |     709 |    6140
   60 |     720 |    6240

----------------------------------------------------------------------------

ID 073 | JEY V | Asset: ally_73 | 5★
Max Level: 60
Base AP: 24 -> 600 | raw growth/level = 9.76271186441
Base HP: 240 -> 3600 | raw growth/level = 56.9491525424

Level | Base AP | Base HP
------|---------|---------
    1 |      24 |     240
    2 |      34 |     297
    3 |      44 |     354
    4 |      53 |     411
    5 |      63 |     468
    6 |      73 |     525
    7 |      83 |     582
    8 |      92 |     639
    9 |     102 |     696
   10 |     112 |     753
   11 |     122 |     809
   12 |     131 |     866
   13 |     141 |     923
   14 |     151 |     980
   15 |     161 |    1037
   16 |     170 |    1094
   17 |     180 |    1151
   18 |     190 |    1208
   19 |     200 |    1265
   20 |     209 |    1322
   21 |     219 |    1379
   22 |     229 |    1436
   23 |     239 |    1493
   24 |     249 |    1550
   25 |     258 |    1607
   26 |     268 |    1664
   27 |     278 |    1721
   28 |     288 |    1778
   29 |     297 |    1835
   30 |     307 |    1892
   31 |     317 |    1948
   32 |     327 |    2005
   33 |     336 |    2062
   34 |     346 |    2119
   35 |     356 |    2176
   36 |     366 |    2233
   37 |     375 |    2290
   38 |     385 |    2347
   39 |     395 |    2404
   40 |     405 |    2461
   41 |     415 |    2518
   42 |     424 |    2575
   43 |     434 |    2632
   44 |     444 |    2689
   45 |     454 |    2746
   46 |     463 |    2803
   47 |     473 |    2860
   48 |     483 |    2917
   49 |     493 |    2974
   50 |     502 |    3031
   51 |     512 |    3087
   52 |     522 |    3144
   53 |     532 |    3201
   54 |     541 |    3258
   55 |     551 |    3315
   56 |     561 |    3372
   57 |     571 |    3429
   58 |     580 |    3486
   59 |     590 |    3543
   60 |     600 |    3600

----------------------------------------------------------------------------

ID 079 | COW V | Asset: ally_79 | 5★
Max Level: 60
Base AP: 48 -> 720 | raw growth/level = 11.3898305085
Base HP: 1 -> 1 | raw growth/level = 0
SOURCE NOTE: HP không đổi

Level | Base AP | Base HP
------|---------|---------
    1 |      48 |       1
    2 |      59 |       1
    3 |      71 |       1
    4 |      82 |       1
    5 |      94 |       1
    6 |     105 |       1
    7 |     116 |       1
    8 |     128 |       1
    9 |     139 |       1
   10 |     151 |       1
   11 |     162 |       1
   12 |     173 |       1
   13 |     185 |       1
   14 |     196 |       1
   15 |     207 |       1
   16 |     219 |       1
   17 |     230 |       1
   18 |     242 |       1
   19 |     253 |       1
   20 |     264 |       1
   21 |     276 |       1
   22 |     287 |       1
   23 |     299 |       1
   24 |     310 |       1
   25 |     321 |       1
   26 |     333 |       1
   27 |     344 |       1
   28 |     356 |       1
   29 |     367 |       1
   30 |     378 |       1
   31 |     390 |       1
   32 |     401 |       1
   33 |     412 |       1
   34 |     424 |       1
   35 |     435 |       1
   36 |     447 |       1
   37 |     458 |       1
   38 |     469 |       1
   39 |     481 |       1
   40 |     492 |       1
   41 |     504 |       1
   42 |     515 |       1
   43 |     526 |       1
   44 |     538 |       1
   45 |     549 |       1
   46 |     561 |       1
   47 |     572 |       1
   48 |     583 |       1
   49 |     595 |       1
   50 |     606 |       1
   51 |     617 |       1
   52 |     629 |       1
   53 |     640 |       1
   54 |     652 |       1
   55 |     663 |       1
   56 |     674 |       1
   57 |     686 |       1
   58 |     697 |       1
   59 |     709 |       1
   60 |     720 |       1

----------------------------------------------------------------------------

ID 097 | Warrior Thrue | Asset: ally_97 | 5★
Max Level: 60
Base AP: 54 -> 945 | raw growth/level = 15.1016949153
Base HP: 270 -> 5400 | raw growth/level = 86.9491525424

Level | Base AP | Base HP
------|---------|---------
    1 |      54 |     270
    2 |      69 |     357
    3 |      84 |     444
    4 |      99 |     531
    5 |     114 |     618
    6 |     130 |     705
    7 |     145 |     792
    8 |     160 |     879
    9 |     175 |     966
   10 |     190 |    1053
   11 |     205 |    1139
   12 |     220 |    1226
   13 |     235 |    1313
   14 |     250 |    1400
   15 |     265 |    1487
   16 |     281 |    1574
   17 |     296 |    1661
   18 |     311 |    1748
   19 |     326 |    1835
   20 |     341 |    1922
   21 |     356 |    2009
   22 |     371 |    2096
   23 |     386 |    2183
   24 |     401 |    2270
   25 |     416 |    2357
   26 |     432 |    2444
   27 |     447 |    2531
   28 |     462 |    2618
   29 |     477 |    2705
   30 |     492 |    2792
   31 |     507 |    2878
   32 |     522 |    2965
   33 |     537 |    3052
   34 |     552 |    3139
   35 |     567 |    3226
   36 |     583 |    3313
   37 |     598 |    3400
   38 |     613 |    3487
   39 |     628 |    3574
   40 |     643 |    3661
   41 |     658 |    3748
   42 |     673 |    3835
   43 |     688 |    3922
   44 |     703 |    4009
   45 |     718 |    4096
   46 |     734 |    4183
   47 |     749 |    4270
   48 |     764 |    4357
   49 |     779 |    4444
   50 |     794 |    4531
   51 |     809 |    4617
   52 |     824 |    4704
   53 |     839 |    4791
   54 |     854 |    4878
   55 |     869 |    4965
   56 |     885 |    5052
   57 |     900 |    5139
   58 |     915 |    5226
   59 |     930 |    5313
   60 |     945 |    5400

----------------------------------------------------------------------------

############################################################################
6★
############################################################################

ID 009 | ACE VI | Asset: ally_09 | 6★
Max Level: 70
Base AP: 158 -> 2757 | raw growth/level = 37.6666666667
Base HP: 788 -> 15750 | raw growth/level = 216.84057971

Level | Base AP | Base HP
------|---------|---------
    1 |     158 |     788
    2 |     196 |    1005
    3 |     233 |    1222
    4 |     271 |    1439
    5 |     309 |    1655
    6 |     346 |    1872
    7 |     384 |    2089
    8 |     422 |    2306
    9 |     459 |    2523
   10 |     497 |    2740
   11 |     535 |    2956
   12 |     572 |    3173
   13 |     610 |    3390
   14 |     648 |    3607
   15 |     685 |    3824
   16 |     723 |    4041
   17 |     761 |    4257
   18 |     798 |    4474
   19 |     836 |    4691
   20 |     874 |    4908
   21 |     911 |    5125
   22 |     949 |    5342
   23 |     987 |    5558
   24 |    1024 |    5775
   25 |    1062 |    5992
   26 |    1100 |    6209
   27 |    1137 |    6426
   28 |    1175 |    6643
   29 |    1213 |    6860
   30 |    1250 |    7076
   31 |    1288 |    7293
   32 |    1326 |    7510
   33 |    1363 |    7727
   34 |    1401 |    7944
   35 |    1439 |    8161
   36 |    1476 |    8377
   37 |    1514 |    8594
   38 |    1552 |    8811
   39 |    1589 |    9028
   40 |    1627 |    9245
   41 |    1665 |    9462
   42 |    1702 |    9678
   43 |    1740 |    9895
   44 |    1778 |   10112
   45 |    1815 |   10329
   46 |    1853 |   10546
   47 |    1891 |   10763
   48 |    1928 |   10980
   49 |    1966 |   11196
   50 |    2004 |   11413
   51 |    2041 |   11630
   52 |    2079 |   11847
   53 |    2117 |   12064
   54 |    2154 |   12281
   55 |    2192 |   12497
   56 |    2230 |   12714
   57 |    2267 |   12931
   58 |    2305 |   13148
   59 |    2343 |   13365
   60 |    2380 |   13582
   61 |    2418 |   13798
   62 |    2456 |   14015
   63 |    2493 |   14232
   64 |    2531 |   14449
   65 |    2569 |   14666
   66 |    2606 |   14883
   67 |    2644 |   15099
   68 |    2682 |   15316
   69 |    2719 |   15533
   70 |    2757 |   15750

----------------------------------------------------------------------------

ID 014 | ECHO VI | Asset: ally_14 | 6★
Max Level: 70
Base AP: 79 -> 1575 | raw growth/level = 21.6811594203
Base HP: 788 -> 14175 | raw growth/level = 194.014492754

Level | Base AP | Base HP
------|---------|---------
    1 |      79 |     788
    2 |     101 |     982
    3 |     122 |    1176
    4 |     144 |    1370
    5 |     166 |    1564
    6 |     187 |    1758
    7 |     209 |    1952
    8 |     231 |    2146
    9 |     252 |    2340
   10 |     274 |    2534
   11 |     296 |    2728
   12 |     317 |    2922
   13 |     339 |    3116
   14 |     361 |    3310
   15 |     383 |    3504
   16 |     404 |    3698
   17 |     426 |    3892
   18 |     448 |    4086
   19 |     469 |    4280
   20 |     491 |    4474
   21 |     513 |    4668
   22 |     534 |    4862
   23 |     556 |    5056
   24 |     578 |    5250
   25 |     599 |    5444
   26 |     621 |    5638
   27 |     643 |    5832
   28 |     664 |    6026
   29 |     686 |    6220
   30 |     708 |    6414
   31 |     729 |    6608
   32 |     751 |    6802
   33 |     773 |    6996
   34 |     794 |    7190
   35 |     816 |    7384
   36 |     838 |    7579
   37 |     860 |    7773
   38 |     881 |    7967
   39 |     903 |    8161
   40 |     925 |    8355
   41 |     946 |    8549
   42 |     968 |    8743
   43 |     990 |    8937
   44 |    1011 |    9131
   45 |    1033 |    9325
   46 |    1055 |    9519
   47 |    1076 |    9713
   48 |    1098 |    9907
   49 |    1120 |   10101
   50 |    1141 |   10295
   51 |    1163 |   10489
   52 |    1185 |   10683
   53 |    1206 |   10877
   54 |    1228 |   11071
   55 |    1250 |   11265
   56 |    1271 |   11459
   57 |    1293 |   11653
   58 |    1315 |   11847
   59 |    1337 |   12041
   60 |    1358 |   12235
   61 |    1380 |   12429
   62 |    1402 |   12623
   63 |    1423 |   12817
   64 |    1445 |   13011
   65 |    1467 |   13205
   66 |    1488 |   13399
   67 |    1510 |   13593
   68 |    1532 |   13787
   69 |    1553 |   13981
   70 |    1575 |   14175

----------------------------------------------------------------------------

ID 019 | SMARTY VI | Asset: ally_19 | 6★
Max Level: 70
Base AP: 237 -> 2363 | raw growth/level = 30.8115942029
Base HP: 1024 -> 20475 | raw growth/level = 281.898550725

Level | Base AP | Base HP
------|---------|---------
    1 |     237 |    1024
    2 |     268 |    1306
    3 |     299 |    1588
    4 |     329 |    1870
    5 |     360 |    2152
    6 |     391 |    2433
    7 |     422 |    2715
    8 |     453 |    2997
    9 |     483 |    3279
   10 |     514 |    3561
   11 |     545 |    3843
   12 |     576 |    4125
   13 |     607 |    4407
   14 |     638 |    4689
   15 |     668 |    4971
   16 |     699 |    5252
   17 |     730 |    5534
   18 |     761 |    5816
   19 |     792 |    6098
   20 |     822 |    6380
   21 |     853 |    6662
   22 |     884 |    6944
   23 |     915 |    7226
   24 |     946 |    7508
   25 |     976 |    7790
   26 |    1007 |    8071
   27 |    1038 |    8353
   28 |    1069 |    8635
   29 |    1100 |    8917
   30 |    1131 |    9199
   31 |    1161 |    9481
   32 |    1192 |    9763
   33 |    1223 |   10045
   34 |    1254 |   10327
   35 |    1285 |   10609
   36 |    1315 |   10890
   37 |    1346 |   11172
   38 |    1377 |   11454
   39 |    1408 |   11736
   40 |    1439 |   12018
   41 |    1469 |   12300
   42 |    1500 |   12582
   43 |    1531 |   12864
   44 |    1562 |   13146
   45 |    1593 |   13428
   46 |    1624 |   13709
   47 |    1654 |   13991
   48 |    1685 |   14273
   49 |    1716 |   14555
   50 |    1747 |   14837
   51 |    1778 |   15119
   52 |    1808 |   15401
   53 |    1839 |   15683
   54 |    1870 |   15965
   55 |    1901 |   16247
   56 |    1932 |   16528
   57 |    1962 |   16810
   58 |    1993 |   17092
   59 |    2024 |   17374
   60 |    2055 |   17656
   61 |    2086 |   17938
   62 |    2117 |   18220
   63 |    2147 |   18502
   64 |    2178 |   18784
   65 |    2209 |   19066
   66 |    2240 |   19347
   67 |    2271 |   19629
   68 |    2301 |   19911
   69 |    2332 |   20193
   70 |    2363 |   20475

----------------------------------------------------------------------------

ID 024 | KHAN VI | Asset: ally_24 | 6★
Max Level: 70
Base AP: 158 -> 1969 | raw growth/level = 26.2463768116
Base HP: 2363 -> 47250 | raw growth/level = 650.536231884

Level | Base AP | Base HP
------|---------|---------
    1 |     158 |    2363
    2 |     184 |    3014
    3 |     210 |    3664
    4 |     237 |    4315
    5 |     263 |    4965
    6 |     289 |    5616
    7 |     315 |    6266
    8 |     342 |    6917
    9 |     368 |    7567
   10 |     394 |    8218
   11 |     420 |    8868
   12 |     447 |    9519
   13 |     473 |   10169
   14 |     499 |   10820
   15 |     525 |   11471
   16 |     552 |   12121
   17 |     578 |   12772
   18 |     604 |   13422
   19 |     630 |   14073
   20 |     657 |   14723
   21 |     683 |   15374
   22 |     709 |   16024
   23 |     735 |   16675
   24 |     762 |   17325
   25 |     788 |   17976
   26 |     814 |   18626
   27 |     840 |   19277
   28 |     867 |   19927
   29 |     893 |   20578
   30 |     919 |   21229
   31 |     945 |   21879
   32 |     972 |   22530
   33 |     998 |   23180
   34 |    1024 |   23831
   35 |    1050 |   24481
   36 |    1077 |   25132
   37 |    1103 |   25782
   38 |    1129 |   26433
   39 |    1155 |   27083
   40 |    1182 |   27734
   41 |    1208 |   28384
   42 |    1234 |   29035
   43 |    1260 |   29686
   44 |    1287 |   30336
   45 |    1313 |   30987
   46 |    1339 |   31637
   47 |    1365 |   32288
   48 |    1392 |   32938
   49 |    1418 |   33589
   50 |    1444 |   34239
   51 |    1470 |   34890
   52 |    1497 |   35540
   53 |    1523 |   36191
   54 |    1549 |   36841
   55 |    1575 |   37492
   56 |    1602 |   38142
   57 |    1628 |   38793
   58 |    1654 |   39444
   59 |    1680 |   40094
   60 |    1707 |   40745
   61 |    1733 |   41395
   62 |    1759 |   42046
   63 |    1785 |   42696
   64 |    1812 |   43347
   65 |    1838 |   43997
   66 |    1864 |   44648
   67 |    1890 |   45298
   68 |    1917 |   45949
   69 |    1943 |   46599
   70 |    1969 |   47250

----------------------------------------------------------------------------

ID 030 | LODY VI | Asset: ally_30 | 6★
Max Level: 70
Base AP: 237 -> 3150 | raw growth/level = 42.2173913043
Base HP: 945 -> 18900 | raw growth/level = 260.217391304

Level | Base AP | Base HP
------|---------|---------
    1 |     237 |     945
    2 |     279 |    1205
    3 |     321 |    1465
    4 |     364 |    1726
    5 |     406 |    1986
    6 |     448 |    2246
    7 |     490 |    2506
    8 |     533 |    2767
    9 |     575 |    3027
   10 |     617 |    3287
   11 |     659 |    3547
   12 |     701 |    3807
   13 |     744 |    4068
   14 |     786 |    4328
   15 |     828 |    4588
   16 |     870 |    4848
   17 |     912 |    5108
   18 |     955 |    5369
   19 |     997 |    5629
   20 |    1039 |    5889
   21 |    1081 |    6149
   22 |    1124 |    6410
   23 |    1166 |    6670
   24 |    1208 |    6930
   25 |    1250 |    7190
   26 |    1292 |    7450
   27 |    1335 |    7711
   28 |    1377 |    7971
   29 |    1419 |    8231
   30 |    1461 |    8491
   31 |    1504 |    8752
   32 |    1546 |    9012
   33 |    1588 |    9272
   34 |    1630 |    9532
   35 |    1672 |    9792
   36 |    1715 |   10053
   37 |    1757 |   10313
   38 |    1799 |   10573
   39 |    1841 |   10833
   40 |    1883 |   11093
   41 |    1926 |   11354
   42 |    1968 |   11614
   43 |    2010 |   11874
   44 |    2052 |   12134
   45 |    2095 |   12395
   46 |    2137 |   12655
   47 |    2179 |   12915
   48 |    2221 |   13175
   49 |    2263 |   13435
   50 |    2306 |   13696
   51 |    2348 |   13956
   52 |    2390 |   14216
   53 |    2432 |   14476
   54 |    2475 |   14737
   55 |    2517 |   14997
   56 |    2559 |   15257
   57 |    2601 |   15517
   58 |    2643 |   15777
   59 |    2686 |   16038
   60 |    2728 |   16298
   61 |    2770 |   16558
   62 |    2812 |   16818
   63 |    2854 |   17078
   64 |    2897 |   17339
   65 |    2939 |   17599
   66 |    2981 |   17859
   67 |    3023 |   18119
   68 |    3066 |   18380
   69 |    3108 |   18640
   70 |    3150 |   18900

----------------------------------------------------------------------------

ID 036 | BEBEE VI | Asset: ally_36 | 6★
Max Level: 70
Base AP: 158 -> 2757 | raw growth/level = 37.6666666667
Base HP: 1463 -> 29250 | raw growth/level = 402.710144928

Level | Base AP | Base HP
------|---------|---------
    1 |     158 |    1463
    2 |     196 |    1866
    3 |     233 |    2268
    4 |     271 |    2671
    5 |     309 |    3074
    6 |     346 |    3477
    7 |     384 |    3879
    8 |     422 |    4282
    9 |     459 |    4685
   10 |     497 |    5087
   11 |     535 |    5490
   12 |     572 |    5893
   13 |     610 |    6296
   14 |     648 |    6698
   15 |     685 |    7101
   16 |     723 |    7504
   17 |     761 |    7906
   18 |     798 |    8309
   19 |     836 |    8712
   20 |     874 |    9114
   21 |     911 |    9517
   22 |     949 |    9920
   23 |     987 |   10323
   24 |    1024 |   10725
   25 |    1062 |   11128
   26 |    1100 |   11531
   27 |    1137 |   11933
   28 |    1175 |   12336
   29 |    1213 |   12739
   30 |    1250 |   13142
   31 |    1288 |   13544
   32 |    1326 |   13947
   33 |    1363 |   14350
   34 |    1401 |   14752
   35 |    1439 |   15155
   36 |    1476 |   15558
   37 |    1514 |   15961
   38 |    1552 |   16363
   39 |    1589 |   16766
   40 |    1627 |   17169
   41 |    1665 |   17571
   42 |    1702 |   17974
   43 |    1740 |   18377
   44 |    1778 |   18780
   45 |    1815 |   19182
   46 |    1853 |   19585
   47 |    1891 |   19988
   48 |    1928 |   20390
   49 |    1966 |   20793
   50 |    2004 |   21196
   51 |    2041 |   21599
   52 |    2079 |   22001
   53 |    2117 |   22404
   54 |    2154 |   22807
   55 |    2192 |   23209
   56 |    2230 |   23612
   57 |    2267 |   24015
   58 |    2305 |   24417
   59 |    2343 |   24820
   60 |    2380 |   25223
   61 |    2418 |   25626
   62 |    2456 |   26028
   63 |    2493 |   26431
   64 |    2531 |   26834
   65 |    2569 |   27236
   66 |    2606 |   27639
   67 |    2644 |   28042
   68 |    2682 |   28445
   69 |    2719 |   28847
   70 |    2757 |   29250

----------------------------------------------------------------------------

ID 042 | RUBY VI | Asset: ally_42 | 6★
Max Level: 70
Base AP: 237 -> 2363 | raw growth/level = 30.8115942029
Base HP: 1024 -> 20475 | raw growth/level = 281.898550725

Level | Base AP | Base HP
------|---------|---------
    1 |     237 |    1024
    2 |     268 |    1306
    3 |     299 |    1588
    4 |     329 |    1870
    5 |     360 |    2152
    6 |     391 |    2433
    7 |     422 |    2715
    8 |     453 |    2997
    9 |     483 |    3279
   10 |     514 |    3561
   11 |     545 |    3843
   12 |     576 |    4125
   13 |     607 |    4407
   14 |     638 |    4689
   15 |     668 |    4971
   16 |     699 |    5252
   17 |     730 |    5534
   18 |     761 |    5816
   19 |     792 |    6098
   20 |     822 |    6380
   21 |     853 |    6662
   22 |     884 |    6944
   23 |     915 |    7226
   24 |     946 |    7508
   25 |     976 |    7790
   26 |    1007 |    8071
   27 |    1038 |    8353
   28 |    1069 |    8635
   29 |    1100 |    8917
   30 |    1131 |    9199
   31 |    1161 |    9481
   32 |    1192 |    9763
   33 |    1223 |   10045
   34 |    1254 |   10327
   35 |    1285 |   10609
   36 |    1315 |   10890
   37 |    1346 |   11172
   38 |    1377 |   11454
   39 |    1408 |   11736
   40 |    1439 |   12018
   41 |    1469 |   12300
   42 |    1500 |   12582
   43 |    1531 |   12864
   44 |    1562 |   13146
   45 |    1593 |   13428
   46 |    1624 |   13709
   47 |    1654 |   13991
   48 |    1685 |   14273
   49 |    1716 |   14555
   50 |    1747 |   14837
   51 |    1778 |   15119
   52 |    1808 |   15401
   53 |    1839 |   15683
   54 |    1870 |   15965
   55 |    1901 |   16247
   56 |    1932 |   16528
   57 |    1962 |   16810
   58 |    1993 |   17092
   59 |    2024 |   17374
   60 |    2055 |   17656
   61 |    2086 |   17938
   62 |    2117 |   18220
   63 |    2147 |   18502
   64 |    2178 |   18784
   65 |    2209 |   19066
   66 |    2240 |   19347
   67 |    2271 |   19629
   68 |    2301 |   19911
   69 |    2332 |   20193
   70 |    2363 |   20475

----------------------------------------------------------------------------

ID 047 | GOLDMAN VI | Asset: ally_47 | 6★
Max Level: 70
Base AP: 163 -> 2849 | raw growth/level = 38.9275362319
Base HP: 1058 -> 21158 | raw growth/level = 291.304347826

Level | Base AP | Base HP
------|---------|---------
    1 |     163 |    1058
    2 |     202 |    1349
    3 |     241 |    1641
    4 |     280 |    1932
    5 |     319 |    2223
    6 |     358 |    2515
    7 |     397 |    2806
    8 |     435 |    3097
    9 |     474 |    3388
   10 |     513 |    3680
   11 |     552 |    3971
   12 |     591 |    4262
   13 |     630 |    4554
   14 |     669 |    4845
   15 |     708 |    5136
   16 |     747 |    5428
   17 |     786 |    5719
   18 |     825 |    6010
   19 |     864 |    6301
   20 |     903 |    6593
   21 |     942 |    6884
   22 |     980 |    7175
   23 |    1019 |    7467
   24 |    1058 |    7758
   25 |    1097 |    8049
   26 |    1136 |    8341
   27 |    1175 |    8632
   28 |    1214 |    8923
   29 |    1253 |    9215
   30 |    1292 |    9506
   31 |    1331 |    9797
   32 |    1370 |   10088
   33 |    1409 |   10380
   34 |    1448 |   10671
   35 |    1487 |   10962
   36 |    1525 |   11254
   37 |    1564 |   11545
   38 |    1603 |   11836
   39 |    1642 |   12128
   40 |    1681 |   12419
   41 |    1720 |   12710
   42 |    1759 |   13001
   43 |    1798 |   13293
   44 |    1837 |   13584
   45 |    1876 |   13875
   46 |    1915 |   14167
   47 |    1954 |   14458
   48 |    1993 |   14749
   49 |    2032 |   15041
   50 |    2070 |   15332
   51 |    2109 |   15623
   52 |    2148 |   15915
   53 |    2187 |   16206
   54 |    2226 |   16497
   55 |    2265 |   16788
   56 |    2304 |   17080
   57 |    2343 |   17371
   58 |    2382 |   17662
   59 |    2421 |   17954
   60 |    2460 |   18245
   61 |    2499 |   18536
   62 |    2538 |   18828
   63 |    2577 |   19119
   64 |    2615 |   19410
   65 |    2654 |   19701
   66 |    2693 |   19993
   67 |    2732 |   20284
   68 |    2771 |   20575
   69 |    2810 |   20867
   70 |    2849 |   21158

----------------------------------------------------------------------------

ID 055 | GINGERMAN VI | Asset: ally_55 | 6★
Max Level: 70
Base AP: 158 -> 2757 | raw growth/level = 37.6666666667
Base HP: 1024 -> 20475 | raw growth/level = 281.898550725

Level | Base AP | Base HP
------|---------|---------
    1 |     158 |    1024
    2 |     196 |    1306
    3 |     233 |    1588
    4 |     271 |    1870
    5 |     309 |    2152
    6 |     346 |    2433
    7 |     384 |    2715
    8 |     422 |    2997
    9 |     459 |    3279
   10 |     497 |    3561
   11 |     535 |    3843
   12 |     572 |    4125
   13 |     610 |    4407
   14 |     648 |    4689
   15 |     685 |    4971
   16 |     723 |    5252
   17 |     761 |    5534
   18 |     798 |    5816
   19 |     836 |    6098
   20 |     874 |    6380
   21 |     911 |    6662
   22 |     949 |    6944
   23 |     987 |    7226
   24 |    1024 |    7508
   25 |    1062 |    7790
   26 |    1100 |    8071
   27 |    1137 |    8353
   28 |    1175 |    8635
   29 |    1213 |    8917
   30 |    1250 |    9199
   31 |    1288 |    9481
   32 |    1326 |    9763
   33 |    1363 |   10045
   34 |    1401 |   10327
   35 |    1439 |   10609
   36 |    1476 |   10890
   37 |    1514 |   11172
   38 |    1552 |   11454
   39 |    1589 |   11736
   40 |    1627 |   12018
   41 |    1665 |   12300
   42 |    1702 |   12582
   43 |    1740 |   12864
   44 |    1778 |   13146
   45 |    1815 |   13428
   46 |    1853 |   13709
   47 |    1891 |   13991
   48 |    1928 |   14273
   49 |    1966 |   14555
   50 |    2004 |   14837
   51 |    2041 |   15119
   52 |    2079 |   15401
   53 |    2117 |   15683
   54 |    2154 |   15965
   55 |    2192 |   16247
   56 |    2230 |   16528
   57 |    2267 |   16810
   58 |    2305 |   17092
   59 |    2343 |   17374
   60 |    2380 |   17656
   61 |    2418 |   17938
   62 |    2456 |   18220
   63 |    2493 |   18502
   64 |    2531 |   18784
   65 |    2569 |   19066
   66 |    2606 |   19347
   67 |    2644 |   19629
   68 |    2682 |   19911
   69 |    2719 |   20193
   70 |    2757 |   20475

----------------------------------------------------------------------------

ID 061 | BENSI VI | Asset: ally_61 | 6★
Max Level: 70
Base AP: 252 -> 2520 | raw growth/level = 32.8695652174
Base HP: 1092 -> 21840 | raw growth/level = 300.695652174

Level | Base AP | Base HP
------|---------|---------
    1 |     252 |    1092
    2 |     285 |    1393
    3 |     318 |    1693
    4 |     351 |    1994
    5 |     383 |    2295
    6 |     416 |    2595
    7 |     449 |    2896
    8 |     482 |    3197
    9 |     515 |    3498
   10 |     548 |    3798
   11 |     581 |    4099
   12 |     614 |    4400
   13 |     646 |    4700
   14 |     679 |    5001
   15 |     712 |    5302
   16 |     745 |    5602
   17 |     778 |    5903
   18 |     811 |    6204
   19 |     844 |    6505
   20 |     877 |    6805
   21 |     909 |    7106
   22 |     942 |    7407
   23 |     975 |    7707
   24 |    1008 |    8008
   25 |    1041 |    8309
   26 |    1074 |    8609
   27 |    1107 |    8910
   28 |    1139 |    9211
   29 |    1172 |    9511
   30 |    1205 |    9812
   31 |    1238 |   10113
   32 |    1271 |   10414
   33 |    1304 |   10714
   34 |    1337 |   11015
   35 |    1370 |   11316
   36 |    1402 |   11616
   37 |    1435 |   11917
   38 |    1468 |   12218
   39 |    1501 |   12518
   40 |    1534 |   12819
   41 |    1567 |   13120
   42 |    1600 |   13421
   43 |    1633 |   13721
   44 |    1665 |   14022
   45 |    1698 |   14323
   46 |    1731 |   14623
   47 |    1764 |   14924
   48 |    1797 |   15225
   49 |    1830 |   15525
   50 |    1863 |   15826
   51 |    1895 |   16127
   52 |    1928 |   16427
   53 |    1961 |   16728
   54 |    1994 |   17029
   55 |    2027 |   17330
   56 |    2060 |   17630
   57 |    2093 |   17931
   58 |    2126 |   18232
   59 |    2158 |   18532
   60 |    2191 |   18833
   61 |    2224 |   19134
   62 |    2257 |   19434
   63 |    2290 |   19735
   64 |    2323 |   20036
   65 |    2356 |   20337
   66 |    2389 |   20637
   67 |    2421 |   20938
   68 |    2454 |   21239
   69 |    2487 |   21539
   70 |    2520 |   21840

----------------------------------------------------------------------------

ID 074 | JEY VI | Asset: ally_74 | 6★
Max Level: 70
Base AP: 84 -> 2100 | raw growth/level = 29.2173913043
Base HP: 840 -> 12600 | raw growth/level = 170.434782609

Level | Base AP | Base HP
------|---------|---------
    1 |      84 |     840
    2 |     113 |    1010
    3 |     142 |    1181
    4 |     172 |    1351
    5 |     201 |    1522
    6 |     230 |    1692
    7 |     259 |    1863
    8 |     289 |    2033
    9 |     318 |    2203
   10 |     347 |    2374
   11 |     376 |    2544
   12 |     405 |    2715
   13 |     435 |    2885
   14 |     464 |    3056
   15 |     493 |    3226
   16 |     522 |    3397
   17 |     551 |    3567
   18 |     581 |    3737
   19 |     610 |    3908
   20 |     639 |    4078
   21 |     668 |    4249
   22 |     698 |    4419
   23 |     727 |    4590
   24 |     756 |    4760
   25 |     785 |    4930
   26 |     814 |    5101
   27 |     844 |    5271
   28 |     873 |    5442
   29 |     902 |    5612
   30 |     931 |    5783
   31 |     961 |    5953
   32 |     990 |    6123
   33 |    1019 |    6294
   34 |    1048 |    6464
   35 |    1077 |    6635
   36 |    1107 |    6805
   37 |    1136 |    6976
   38 |    1165 |    7146
   39 |    1194 |    7317
   40 |    1223 |    7487
   41 |    1253 |    7657
   42 |    1282 |    7828
   43 |    1311 |    7998
   44 |    1340 |    8169
   45 |    1370 |    8339
   46 |    1399 |    8510
   47 |    1428 |    8680
   48 |    1457 |    8850
   49 |    1486 |    9021
   50 |    1516 |    9191
   51 |    1545 |    9362
   52 |    1574 |    9532
   53 |    1603 |    9703
   54 |    1633 |    9873
   55 |    1662 |   10043
   56 |    1691 |   10214
   57 |    1720 |   10384
   58 |    1749 |   10555
   59 |    1779 |   10725
   60 |    1808 |   10896
   61 |    1837 |   11066
   62 |    1866 |   11237
   63 |    1895 |   11407
   64 |    1925 |   11577
   65 |    1954 |   11748
   66 |    1983 |   11918
   67 |    2012 |   12089
   68 |    2042 |   12259
   69 |    2071 |   12430
   70 |    2100 |   12600

----------------------------------------------------------------------------

ID 080 | COW VI | Asset: ally_80 | 6★
Max Level: 70
Base AP: 168 -> 2520 | raw growth/level = 34.0869565217
Base HP: 1 -> 1 | raw growth/level = 0
SOURCE NOTE: HP không đổi

Level | Base AP | Base HP
------|---------|---------
    1 |     168 |       1
    2 |     202 |       1
    3 |     236 |       1
    4 |     270 |       1
    5 |     304 |       1
    6 |     338 |       1
    7 |     373 |       1
    8 |     407 |       1
    9 |     441 |       1
   10 |     475 |       1
   11 |     509 |       1
   12 |     543 |       1
   13 |     577 |       1
   14 |     611 |       1
   15 |     645 |       1
   16 |     679 |       1
   17 |     713 |       1
   18 |     747 |       1
   19 |     782 |       1
   20 |     816 |       1
   21 |     850 |       1
   22 |     884 |       1
   23 |     918 |       1
   24 |     952 |       1
   25 |     986 |       1
   26 |    1020 |       1
   27 |    1054 |       1
   28 |    1088 |       1
   29 |    1122 |       1
   30 |    1157 |       1
   31 |    1191 |       1
   32 |    1225 |       1
   33 |    1259 |       1
   34 |    1293 |       1
   35 |    1327 |       1
   36 |    1361 |       1
   37 |    1395 |       1
   38 |    1429 |       1
   39 |    1463 |       1
   40 |    1497 |       1
   41 |    1531 |       1
   42 |    1566 |       1
   43 |    1600 |       1
   44 |    1634 |       1
   45 |    1668 |       1
   46 |    1702 |       1
   47 |    1736 |       1
   48 |    1770 |       1
   49 |    1804 |       1
   50 |    1838 |       1
   51 |    1872 |       1
   52 |    1906 |       1
   53 |    1941 |       1
   54 |    1975 |       1
   55 |    2009 |       1
   56 |    2043 |       1
   57 |    2077 |       1
   58 |    2111 |       1
   59 |    2145 |       1
   60 |    2179 |       1
   61 |    2213 |       1
   62 |    2247 |       1
   63 |    2281 |       1
   64 |    2315 |       1
   65 |    2350 |       1
   66 |    2384 |       1
   67 |    2418 |       1
   68 |    2452 |       1
   69 |    2486 |       1
   70 |    2520 |       1

----------------------------------------------------------------------------

ID 098 | Knight Thrue | Asset: ally_98 | 6★
Max Level: 70
Base AP: 189 -> 3308 | raw growth/level = 45.2028985507
Base HP: 945 -> 18900 | raw growth/level = 260.217391304

Level | Base AP | Base HP
------|---------|---------
    1 |     189 |     945
    2 |     234 |    1205
    3 |     279 |    1465
    4 |     325 |    1726
    5 |     370 |    1986
    6 |     415 |    2246
    7 |     460 |    2506
    8 |     505 |    2767
    9 |     551 |    3027
   10 |     596 |    3287
   11 |     641 |    3547
   12 |     686 |    3807
   13 |     731 |    4068
   14 |     777 |    4328
   15 |     822 |    4588
   16 |     867 |    4848
   17 |     912 |    5108
   18 |     957 |    5369
   19 |    1003 |    5629
   20 |    1048 |    5889
   21 |    1093 |    6149
   22 |    1138 |    6410
   23 |    1183 |    6670
   24 |    1229 |    6930
   25 |    1274 |    7190
   26 |    1319 |    7450
   27 |    1364 |    7711
   28 |    1409 |    7971
   29 |    1455 |    8231
   30 |    1500 |    8491
   31 |    1545 |    8752
   32 |    1590 |    9012
   33 |    1635 |    9272
   34 |    1681 |    9532
   35 |    1726 |    9792
   36 |    1771 |   10053
   37 |    1816 |   10313
   38 |    1862 |   10573
   39 |    1907 |   10833
   40 |    1952 |   11093
   41 |    1997 |   11354
   42 |    2042 |   11614
   43 |    2088 |   11874
   44 |    2133 |   12134
   45 |    2178 |   12395
   46 |    2223 |   12655
   47 |    2268 |   12915
   48 |    2314 |   13175
   49 |    2359 |   13435
   50 |    2404 |   13696
   51 |    2449 |   13956
   52 |    2494 |   14216
   53 |    2540 |   14476
   54 |    2585 |   14737
   55 |    2630 |   14997
   56 |    2675 |   15257
   57 |    2720 |   15517
   58 |    2766 |   15777
   59 |    2811 |   16038
   60 |    2856 |   16298
   61 |    2901 |   16558
   62 |    2946 |   16818
   63 |    2992 |   17078
   64 |    3037 |   17339
   65 |    3082 |   17599
   66 |    3127 |   17859
   67 |    3172 |   18119
   68 |    3218 |   18380
   69 |    3263 |   18640
   70 |    3308 |   18900

----------------------------------------------------------------------------

############################################################################
7★
############################################################################

ID 048 | GOLDMAN VII | Asset: ally_48 | 7★
Max Level: 80
Base AP: 651 -> 11393 | raw growth/level = 135.974683544
Base HP: 4232 -> 84630 | raw growth/level = 1017.69620253

Level | Base AP | Base HP
------|---------|---------
    1 |     651 |    4232
    2 |     787 |    5250
    3 |     923 |    6267
    4 |    1059 |    7285
    5 |    1195 |    8303
    6 |    1331 |    9320
    7 |    1467 |   10338
    8 |    1603 |   11356
    9 |    1739 |   12374
   10 |    1875 |   13391
   11 |    2011 |   14409
   12 |    2147 |   15427
   13 |    2283 |   16444
   14 |    2419 |   17462
   15 |    2555 |   18480
   16 |    2691 |   19497
   17 |    2827 |   20515
   18 |    2963 |   21533
   19 |    3099 |   22551
   20 |    3235 |   23568
   21 |    3370 |   24586
   22 |    3506 |   25604
   23 |    3642 |   26621
   24 |    3778 |   27639
   25 |    3914 |   28657
   26 |    4050 |   29674
   27 |    4186 |   30692
   28 |    4322 |   31710
   29 |    4458 |   32727
   30 |    4594 |   33745
   31 |    4730 |   34763
   32 |    4866 |   35781
   33 |    5002 |   36798
   34 |    5138 |   37816
   35 |    5274 |   38834
   36 |    5410 |   39851
   37 |    5546 |   40869
   38 |    5682 |   41887
   39 |    5818 |   42904
   40 |    5954 |   43922
   41 |    6090 |   44940
   42 |    6226 |   45958
   43 |    6362 |   46975
   44 |    6498 |   47993
   45 |    6634 |   49011
   46 |    6770 |   50028
   47 |    6906 |   51046
   48 |    7042 |   52064
   49 |    7178 |   53081
   50 |    7314 |   54099
   51 |    7450 |   55117
   52 |    7586 |   56135
   53 |    7722 |   57152
   54 |    7858 |   58170
   55 |    7994 |   59188
   56 |    8130 |   60205
   57 |    8266 |   61223
   58 |    8402 |   62241
   59 |    8538 |   63258
   60 |    8674 |   64276
   61 |    8809 |   65294
   62 |    8945 |   66311
   63 |    9081 |   67329
   64 |    9217 |   68347
   65 |    9353 |   69365
   66 |    9489 |   70382
   67 |    9625 |   71400
   68 |    9761 |   72418
   69 |    9897 |   73435
   70 |   10033 |   74453
   71 |   10169 |   75471
   72 |   10305 |   76488
   73 |   10441 |   77506
   74 |   10577 |   78524
   75 |   10713 |   79542
   76 |   10849 |   80559
   77 |   10985 |   81577
   78 |   11121 |   82595
   79 |   11257 |   83612
   80 |   11393 |   84630

----------------------------------------------------------------------------

ID 049 | RUSY VII | Asset: ally_49 | 7★
Max Level: 80
Base AP: 709 -> 9450 | raw growth/level = 110.64556962
Base HP: 2835 -> 56700 | raw growth/level = 681.835443038

Level | Base AP | Base HP
------|---------|---------
    1 |     709 |    2835
    2 |     820 |    3517
    3 |     930 |    4199
    4 |    1041 |    4881
    5 |    1152 |    5562
    6 |    1262 |    6244
    7 |    1373 |    6926
    8 |    1484 |    7608
    9 |    1594 |    8290
   10 |    1705 |    8972
   11 |    1815 |    9653
   12 |    1926 |   10335
   13 |    2037 |   11017
   14 |    2147 |   11699
   15 |    2258 |   12381
   16 |    2369 |   13063
   17 |    2479 |   13744
   18 |    2590 |   14426
   19 |    2701 |   15108
   20 |    2811 |   15790
   21 |    2922 |   16472
   22 |    3033 |   17154
   23 |    3143 |   17835
   24 |    3254 |   18517
   25 |    3364 |   19199
   26 |    3475 |   19881
   27 |    3586 |   20563
   28 |    3696 |   21245
   29 |    3807 |   21926
   30 |    3918 |   22608
   31 |    4028 |   23290
   32 |    4139 |   23972
   33 |    4250 |   24654
   34 |    4360 |   25336
   35 |    4471 |   26017
   36 |    4582 |   26699
   37 |    4692 |   27381
   38 |    4803 |   28063
   39 |    4914 |   28745
   40 |    5024 |   29427
   41 |    5135 |   30108
   42 |    5245 |   30790
   43 |    5356 |   31472
   44 |    5467 |   32154
   45 |    5577 |   32836
   46 |    5688 |   33518
   47 |    5799 |   34199
   48 |    5909 |   34881
   49 |    6020 |   35563
   50 |    6131 |   36245
   51 |    6241 |   36927
   52 |    6352 |   37609
   53 |    6463 |   38290
   54 |    6573 |   38972
   55 |    6684 |   39654
   56 |    6795 |   40336
   57 |    6905 |   41018
   58 |    7016 |   41700
   59 |    7126 |   42381
   60 |    7237 |   43063
   61 |    7348 |   43745
   62 |    7458 |   44427
   63 |    7569 |   45109
   64 |    7680 |   45791
   65 |    7790 |   46472
   66 |    7901 |   47154
   67 |    8012 |   47836
   68 |    8122 |   48518
   69 |    8233 |   49200
   70 |    8344 |   49882
   71 |    8454 |   50563
   72 |    8565 |   51245
   73 |    8675 |   51927
   74 |    8786 |   52609
   75 |    8897 |   53291
   76 |    9007 |   53973
   77 |    9118 |   54654
   78 |    9229 |   55336
   79 |    9339 |   56018
   80 |    9450 |   56700

----------------------------------------------------------------------------

ID 050 | RUSY VII | Asset: ally_50 | 7★
Max Level: 80
Base AP: 945 -> 12600 | raw growth/level = 147.53164557
Base HP: 3780 -> 75600 | raw growth/level = 909.113924051

Level | Base AP | Base HP
------|---------|---------
    1 |     945 |    3780
    2 |    1093 |    4689
    3 |    1240 |    5598
    4 |    1388 |    6507
    5 |    1535 |    7416
    6 |    1683 |    8326
    7 |    1830 |    9235
    8 |    1978 |   10144
    9 |    2125 |   11053
   10 |    2273 |   11962
   11 |    2420 |   12871
   12 |    2568 |   13780
   13 |    2715 |   14689
   14 |    2863 |   15598
   15 |    3010 |   16508
   16 |    3158 |   17417
   17 |    3306 |   18326
   18 |    3453 |   19235
   19 |    3601 |   20144
   20 |    3748 |   21053
   21 |    3896 |   21962
   22 |    4043 |   22871
   23 |    4191 |   23781
   24 |    4338 |   24690
   25 |    4486 |   25599
   26 |    4633 |   26508
   27 |    4781 |   27417
   28 |    4928 |   28326
   29 |    5076 |   29235
   30 |    5223 |   30144
   31 |    5371 |   31053
   32 |    5518 |   31963
   33 |    5666 |   32872
   34 |    5814 |   33781
   35 |    5961 |   34690
   36 |    6109 |   35599
   37 |    6256 |   36508
   38 |    6404 |   37417
   39 |    6551 |   38326
   40 |    6699 |   39235
   41 |    6846 |   40145
   42 |    6994 |   41054
   43 |    7141 |   41963
   44 |    7289 |   42872
   45 |    7436 |   43781
   46 |    7584 |   44690
   47 |    7731 |   45599
   48 |    7879 |   46508
   49 |    8027 |   47417
   50 |    8174 |   48327
   51 |    8322 |   49236
   52 |    8469 |   50145
   53 |    8617 |   51054
   54 |    8764 |   51963
   55 |    8912 |   52872
   56 |    9059 |   53781
   57 |    9207 |   54690
   58 |    9354 |   55599
   59 |    9502 |   56509
   60 |    9649 |   57418
   61 |    9797 |   58327
   62 |    9944 |   59236
   63 |   10092 |   60145
   64 |   10239 |   61054
   65 |   10387 |   61963
   66 |   10535 |   62872
   67 |   10682 |   63782
   68 |   10830 |   64691
   69 |   10977 |   65600
   70 |   11125 |   66509
   71 |   11272 |   67418
   72 |   11420 |   68327
   73 |   11567 |   69236
   74 |   11715 |   70145
   75 |   11862 |   71054
   76 |   12010 |   71964
   77 |   12157 |   72873
   78 |   12305 |   73782
   79 |   12452 |   74691
   80 |   12600 |   75600

----------------------------------------------------------------------------

ID 056 | GINGERMAN VII | Asset: ally_56 | 7★
Max Level: 80
Base AP: 630 -> 11025 | raw growth/level = 131.582278481
Base HP: 4095 -> 81900 | raw growth/level = 984.873417722

Level | Base AP | Base HP
------|---------|---------
    1 |     630 |    4095
    2 |     762 |    5080
    3 |     893 |    6065
    4 |    1025 |    7050
    5 |    1156 |    8034
    6 |    1288 |    9019
    7 |    1419 |   10004
    8 |    1551 |   10989
    9 |    1683 |   11974
   10 |    1814 |   12959
   11 |    1946 |   13944
   12 |    2077 |   14929
   13 |    2209 |   15913
   14 |    2341 |   16898
   15 |    2472 |   17883
   16 |    2604 |   18868
   17 |    2735 |   19853
   18 |    2867 |   20838
   19 |    2998 |   21823
   20 |    3130 |   22808
   21 |    3262 |   23792
   22 |    3393 |   24777
   23 |    3525 |   25762
   24 |    3656 |   26747
   25 |    3788 |   27732
   26 |    3920 |   28717
   27 |    4051 |   29702
   28 |    4183 |   30687
   29 |    4314 |   31671
   30 |    4446 |   32656
   31 |    4577 |   33641
   32 |    4709 |   34626
   33 |    4841 |   35611
   34 |    4972 |   36596
   35 |    5104 |   37581
   36 |    5235 |   38566
   37 |    5367 |   39550
   38 |    5499 |   40535
   39 |    5630 |   41520
   40 |    5762 |   42505
   41 |    5893 |   43490
   42 |    6025 |   44475
   43 |    6156 |   45460
   44 |    6288 |   46445
   45 |    6420 |   47429
   46 |    6551 |   48414
   47 |    6683 |   49399
   48 |    6814 |   50384
   49 |    6946 |   51369
   50 |    7078 |   52354
   51 |    7209 |   53339
   52 |    7341 |   54324
   53 |    7472 |   55308
   54 |    7604 |   56293
   55 |    7735 |   57278
   56 |    7867 |   58263
   57 |    7999 |   59248
   58 |    8130 |   60233
   59 |    8262 |   61218
   60 |    8393 |   62203
   61 |    8525 |   63187
   62 |    8657 |   64172
   63 |    8788 |   65157
   64 |    8920 |   66142
   65 |    9051 |   67127
   66 |    9183 |   68112
   67 |    9314 |   69097
   68 |    9446 |   70082
   69 |    9578 |   71066
   70 |    9709 |   72051
   71 |    9841 |   73036
   72 |    9972 |   74021
   73 |   10104 |   75006
   74 |   10236 |   75991
   75 |   10367 |   76976
   76 |   10499 |   77961
   77 |   10630 |   78945
   78 |   10762 |   79930
   79 |   10893 |   80915
   80 |   11025 |   81900

----------------------------------------------------------------------------

ID 062 | BENSI VII | Asset: ally_62 | 7★
Max Level: 80
Base AP: 1008 -> 10080 | raw growth/level = 114.835443038
Base HP: 4368 -> 87360 | raw growth/level = 1050.53164557

Level | Base AP | Base HP
------|---------|---------
    1 |    1008 |    4368
    2 |    1123 |    5419
    3 |    1238 |    6469
    4 |    1353 |    7520
    5 |    1467 |    8570
    6 |    1582 |    9621
    7 |    1697 |   10671
    8 |    1812 |   11722
    9 |    1927 |   12772
   10 |    2042 |   13823
   11 |    2156 |   14873
   12 |    2271 |   15924
   13 |    2386 |   16974
   14 |    2501 |   18025
   15 |    2616 |   19075
   16 |    2731 |   20126
   17 |    2845 |   21177
   18 |    2960 |   22227
   19 |    3075 |   23278
   20 |    3190 |   24328
   21 |    3305 |   25379
   22 |    3420 |   26429
   23 |    3534 |   27480
   24 |    3649 |   28530
   25 |    3764 |   29581
   26 |    3879 |   30631
   27 |    3994 |   31682
   28 |    4109 |   32732
   29 |    4223 |   33783
   30 |    4338 |   34833
   31 |    4453 |   35884
   32 |    4568 |   36934
   33 |    4683 |   37985
   34 |    4798 |   39036
   35 |    4912 |   40086
   36 |    5027 |   41137
   37 |    5142 |   42187
   38 |    5257 |   43238
   39 |    5372 |   44288
   40 |    5487 |   45339
   41 |    5601 |   46389
   42 |    5716 |   47440
   43 |    5831 |   48490
   44 |    5946 |   49541
   45 |    6061 |   50591
   46 |    6176 |   51642
   47 |    6290 |   52692
   48 |    6405 |   53743
   49 |    6520 |   54794
   50 |    6635 |   55844
   51 |    6750 |   56895
   52 |    6865 |   57945
   53 |    6979 |   58996
   54 |    7094 |   60046
   55 |    7209 |   61097
   56 |    7324 |   62147
   57 |    7439 |   63198
   58 |    7554 |   64248
   59 |    7668 |   65299
   60 |    7783 |   66349
   61 |    7898 |   67400
   62 |    8013 |   68450
   63 |    8128 |   69501
   64 |    8243 |   70551
   65 |    8357 |   71602
   66 |    8472 |   72653
   67 |    8587 |   73703
   68 |    8702 |   74754
   69 |    8817 |   75804
   70 |    8932 |   76855
   71 |    9046 |   77905
   72 |    9161 |   78956
   73 |    9276 |   80006
   74 |    9391 |   81057
   75 |    9506 |   82107
   76 |    9621 |   83158
   77 |    9735 |   84208
   78 |    9850 |   85259
   79 |    9965 |   86309
   80 |   10080 |   87360

----------------------------------------------------------------------------

ID 063 | ACE VII | Asset: ally_63 | 7★
Max Level: 80
Base AP: 630 -> 11025 | raw growth/level = 131.582278481
Base HP: 3150 -> 63 | raw growth/level = -39.0759493671
SOURCE NOTE: HP_END < HP_START

Level | Base AP | Base HP
------|---------|---------
    1 |     630 |    3150
    2 |     762 |    3111
    3 |     893 |    3072
    4 |    1025 |    3033
    5 |    1156 |    2994
    6 |    1288 |    2955
    7 |    1419 |    2916
    8 |    1551 |    2876
    9 |    1683 |    2837
   10 |    1814 |    2798
   11 |    1946 |    2759
   12 |    2077 |    2720
   13 |    2209 |    2681
   14 |    2341 |    2642
   15 |    2472 |    2603
   16 |    2604 |    2564
   17 |    2735 |    2525
   18 |    2867 |    2486
   19 |    2998 |    2447
   20 |    3130 |    2408
   21 |    3262 |    2368
   22 |    3393 |    2329
   23 |    3525 |    2290
   24 |    3656 |    2251
   25 |    3788 |    2212
   26 |    3920 |    2173
   27 |    4051 |    2134
   28 |    4183 |    2095
   29 |    4314 |    2056
   30 |    4446 |    2017
   31 |    4577 |    1978
   32 |    4709 |    1939
   33 |    4841 |    1900
   34 |    4972 |    1860
   35 |    5104 |    1821
   36 |    5235 |    1782
   37 |    5367 |    1743
   38 |    5499 |    1704
   39 |    5630 |    1665
   40 |    5762 |    1626
   41 |    5893 |    1587
   42 |    6025 |    1548
   43 |    6156 |    1509
   44 |    6288 |    1470
   45 |    6420 |    1431
   46 |    6551 |    1392
   47 |    6683 |    1353
   48 |    6814 |    1313
   49 |    6946 |    1274
   50 |    7078 |    1235
   51 |    7209 |    1196
   52 |    7341 |    1157
   53 |    7472 |    1118
   54 |    7604 |    1079
   55 |    7735 |    1040
   56 |    7867 |    1001
   57 |    7999 |     962
   58 |    8130 |     923
   59 |    8262 |     884
   60 |    8393 |     845
   61 |    8525 |     805
   62 |    8657 |     766
   63 |    8788 |     727
   64 |    8920 |     688
   65 |    9051 |     649
   66 |    9183 |     610
   67 |    9314 |     571
   68 |    9446 |     532
   69 |    9578 |     493
   70 |    9709 |     454
   71 |    9841 |     415
   72 |    9972 |     376
   73 |   10104 |     337
   74 |   10236 |     297
   75 |   10367 |     258
   76 |   10499 |     219
   77 |   10630 |     180
   78 |   10762 |     141
   79 |   10893 |     102
   80 |   11025 |      63

----------------------------------------------------------------------------

ID 064 | BEBEE VII | Asset: ally_64 | 7★
Max Level: 80
Base AP: 630 -> 11025 | raw growth/level = 131.582278481
Base HP: 5850 -> 117 | raw growth/level = -72.5696202532
SOURCE NOTE: HP_END < HP_START

Level | Base AP | Base HP
------|---------|---------
    1 |     630 |    5850
    2 |     762 |    5777
    3 |     893 |    5705
    4 |    1025 |    5632
    5 |    1156 |    5560
    6 |    1288 |    5487
    7 |    1419 |    5415
    8 |    1551 |    5342
    9 |    1683 |    5269
   10 |    1814 |    5197
   11 |    1946 |    5124
   12 |    2077 |    5052
   13 |    2209 |    4979
   14 |    2341 |    4907
   15 |    2472 |    4834
   16 |    2604 |    4761
   17 |    2735 |    4689
   18 |    2867 |    4616
   19 |    2998 |    4544
   20 |    3130 |    4471
   21 |    3262 |    4399
   22 |    3393 |    4326
   23 |    3525 |    4253
   24 |    3656 |    4181
   25 |    3788 |    4108
   26 |    3920 |    4036
   27 |    4051 |    3963
   28 |    4183 |    3891
   29 |    4314 |    3818
   30 |    4446 |    3745
   31 |    4577 |    3673
   32 |    4709 |    3600
   33 |    4841 |    3528
   34 |    4972 |    3455
   35 |    5104 |    3383
   36 |    5235 |    3310
   37 |    5367 |    3237
   38 |    5499 |    3165
   39 |    5630 |    3092
   40 |    5762 |    3020
   41 |    5893 |    2947
   42 |    6025 |    2875
   43 |    6156 |    2802
   44 |    6288 |    2730
   45 |    6420 |    2657
   46 |    6551 |    2584
   47 |    6683 |    2512
   48 |    6814 |    2439
   49 |    6946 |    2367
   50 |    7078 |    2294
   51 |    7209 |    2222
   52 |    7341 |    2149
   53 |    7472 |    2076
   54 |    7604 |    2004
   55 |    7735 |    1931
   56 |    7867 |    1859
   57 |    7999 |    1786
   58 |    8130 |    1714
   59 |    8262 |    1641
   60 |    8393 |    1568
   61 |    8525 |    1496
   62 |    8657 |    1423
   63 |    8788 |    1351
   64 |    8920 |    1278
   65 |    9051 |    1206
   66 |    9183 |    1133
   67 |    9314 |    1060
   68 |    9446 |     988
   69 |    9578 |     915
   70 |    9709 |     843
   71 |    9841 |     770
   72 |    9972 |     698
   73 |   10104 |     625
   74 |   10236 |     552
   75 |   10367 |     480
   76 |   10499 |     407
   77 |   10630 |     335
   78 |   10762 |     262
   79 |   10893 |     190
   80 |   11025 |     117

----------------------------------------------------------------------------

ID 065 | RUBY VII | Asset: ally_65 | 7★
Max Level: 80
Base AP: 945 -> 9450 | raw growth/level = 107.658227848
Base HP: 4095 -> 81900 | raw growth/level = 984.873417722

Level | Base AP | Base HP
------|---------|---------
    1 |     945 |    4095
    2 |    1053 |    5080
    3 |    1160 |    6065
    4 |    1268 |    7050
    5 |    1376 |    8034
    6 |    1483 |    9019
    7 |    1591 |   10004
    8 |    1699 |   10989
    9 |    1806 |   11974
   10 |    1914 |   12959
   11 |    2022 |   13944
   12 |    2129 |   14929
   13 |    2237 |   15913
   14 |    2345 |   16898
   15 |    2452 |   17883
   16 |    2560 |   18868
   17 |    2668 |   19853
   18 |    2775 |   20838
   19 |    2883 |   21823
   20 |    2991 |   22808
   21 |    3098 |   23792
   22 |    3206 |   24777
   23 |    3313 |   25762
   24 |    3421 |   26747
   25 |    3529 |   27732
   26 |    3636 |   28717
   27 |    3744 |   29702
   28 |    3852 |   30687
   29 |    3959 |   31671
   30 |    4067 |   32656
   31 |    4175 |   33641
   32 |    4282 |   34626
   33 |    4390 |   35611
   34 |    4498 |   36596
   35 |    4605 |   37581
   36 |    4713 |   38566
   37 |    4821 |   39550
   38 |    4928 |   40535
   39 |    5036 |   41520
   40 |    5144 |   42505
   41 |    5251 |   43490
   42 |    5359 |   44475
   43 |    5467 |   45460
   44 |    5574 |   46445
   45 |    5682 |   47429
   46 |    5790 |   48414
   47 |    5897 |   49399
   48 |    6005 |   50384
   49 |    6113 |   51369
   50 |    6220 |   52354
   51 |    6328 |   53339
   52 |    6436 |   54324
   53 |    6543 |   55308
   54 |    6651 |   56293
   55 |    6759 |   57278
   56 |    6866 |   58263
   57 |    6974 |   59248
   58 |    7082 |   60233
   59 |    7189 |   61218
   60 |    7297 |   62203
   61 |    7404 |   63187
   62 |    7512 |   64172
   63 |    7620 |   65157
   64 |    7727 |   66142
   65 |    7835 |   67127
   66 |    7943 |   68112
   67 |    8050 |   69097
   68 |    8158 |   70082
   69 |    8266 |   71066
   70 |    8373 |   72051
   71 |    8481 |   73036
   72 |    8589 |   74021
   73 |    8696 |   75006
   74 |    8804 |   75991
   75 |    8912 |   76976
   76 |    9019 |   77961
   77 |    9127 |   78945
   78 |    9235 |   79930
   79 |    9342 |   80915
   80 |    9450 |   81900

----------------------------------------------------------------------------

ID 066 | ECHO VII | Asset: ally_66 | 7★
Max Level: 80
Base AP: 315 -> 6300 | raw growth/level = 75.7594936709
Base HP: 3150 -> 56700 | raw growth/level = 677.848101266

Level | Base AP | Base HP
------|---------|---------
    1 |     315 |    3150
    2 |     391 |    3828
    3 |     467 |    4506
    4 |     542 |    5184
    5 |     618 |    5861
    6 |     694 |    6539
    7 |     770 |    7217
    8 |     845 |    7895
    9 |     921 |    8573
   10 |     997 |    9251
   11 |    1073 |    9928
   12 |    1148 |   10606
   13 |    1224 |   11284
   14 |    1300 |   11962
   15 |    1376 |   12640
   16 |    1451 |   13318
   17 |    1527 |   13996
   18 |    1603 |   14673
   19 |    1679 |   15351
   20 |    1754 |   16029
   21 |    1830 |   16707
   22 |    1906 |   17385
   23 |    1982 |   18063
   24 |    2057 |   18741
   25 |    2133 |   19418
   26 |    2209 |   20096
   27 |    2285 |   20774
   28 |    2361 |   21452
   29 |    2436 |   22130
   30 |    2512 |   22808
   31 |    2588 |   23485
   32 |    2664 |   24163
   33 |    2739 |   24841
   34 |    2815 |   25519
   35 |    2891 |   26197
   36 |    2967 |   26875
   37 |    3042 |   27553
   38 |    3118 |   28230
   39 |    3194 |   28908
   40 |    3270 |   29586
   41 |    3345 |   30264
   42 |    3421 |   30942
   43 |    3497 |   31620
   44 |    3573 |   32297
   45 |    3648 |   32975
   46 |    3724 |   33653
   47 |    3800 |   34331
   48 |    3876 |   35009
   49 |    3951 |   35687
   50 |    4027 |   36365
   51 |    4103 |   37042
   52 |    4179 |   37720
   53 |    4254 |   38398
   54 |    4330 |   39076
   55 |    4406 |   39754
   56 |    4482 |   40432
   57 |    4558 |   41109
   58 |    4633 |   41787
   59 |    4709 |   42465
   60 |    4785 |   43143
   61 |    4861 |   43821
   62 |    4936 |   44499
   63 |    5012 |   45177
   64 |    5088 |   45854
   65 |    5164 |   46532
   66 |    5239 |   47210
   67 |    5315 |   47888
   68 |    5391 |   48566
   69 |    5467 |   49244
   70 |    5542 |   49922
   71 |    5618 |   50599
   72 |    5694 |   51277
   73 |    5770 |   51955
   74 |    5845 |   52633
   75 |    5921 |   53311
   76 |    5997 |   53989
   77 |    6073 |   54666
   78 |    6148 |   55344
   79 |    6224 |   56022
   80 |    6300 |   56700

----------------------------------------------------------------------------

ID 067 | SMARTY VII | Asset: ally_67 | 7★
Max Level: 80
Base AP: 945 -> 9450 | raw growth/level = 107.658227848
Base HP: 4095 -> 81900 | raw growth/level = 984.873417722

Level | Base AP | Base HP
------|---------|---------
    1 |     945 |    4095
    2 |    1053 |    5080
    3 |    1160 |    6065
    4 |    1268 |    7050
    5 |    1376 |    8034
    6 |    1483 |    9019
    7 |    1591 |   10004
    8 |    1699 |   10989
    9 |    1806 |   11974
   10 |    1914 |   12959
   11 |    2022 |   13944
   12 |    2129 |   14929
   13 |    2237 |   15913
   14 |    2345 |   16898
   15 |    2452 |   17883
   16 |    2560 |   18868
   17 |    2668 |   19853
   18 |    2775 |   20838
   19 |    2883 |   21823
   20 |    2991 |   22808
   21 |    3098 |   23792
   22 |    3206 |   24777
   23 |    3313 |   25762
   24 |    3421 |   26747
   25 |    3529 |   27732
   26 |    3636 |   28717
   27 |    3744 |   29702
   28 |    3852 |   30687
   29 |    3959 |   31671
   30 |    4067 |   32656
   31 |    4175 |   33641
   32 |    4282 |   34626
   33 |    4390 |   35611
   34 |    4498 |   36596
   35 |    4605 |   37581
   36 |    4713 |   38566
   37 |    4821 |   39550
   38 |    4928 |   40535
   39 |    5036 |   41520
   40 |    5144 |   42505
   41 |    5251 |   43490
   42 |    5359 |   44475
   43 |    5467 |   45460
   44 |    5574 |   46445
   45 |    5682 |   47429
   46 |    5790 |   48414
   47 |    5897 |   49399
   48 |    6005 |   50384
   49 |    6113 |   51369
   50 |    6220 |   52354
   51 |    6328 |   53339
   52 |    6436 |   54324
   53 |    6543 |   55308
   54 |    6651 |   56293
   55 |    6759 |   57278
   56 |    6866 |   58263
   57 |    6974 |   59248
   58 |    7082 |   60233
   59 |    7189 |   61218
   60 |    7297 |   62203
   61 |    7404 |   63187
   62 |    7512 |   64172
   63 |    7620 |   65157
   64 |    7727 |   66142
   65 |    7835 |   67127
   66 |    7943 |   68112
   67 |    8050 |   69097
   68 |    8158 |   70082
   69 |    8266 |   71066
   70 |    8373 |   72051
   71 |    8481 |   73036
   72 |    8589 |   74021
   73 |    8696 |   75006
   74 |    8804 |   75991
   75 |    8912 |   76976
   76 |    9019 |   77961
   77 |    9127 |   78945
   78 |    9235 |   79930
   79 |    9342 |   80915
   80 |    9450 |   81900

----------------------------------------------------------------------------

ID 068 | KHAN VII | Asset: ally_68 | 7★
Max Level: 80
Base AP: 1 -> 1 | raw growth/level = 0
Base HP: 14175 -> 283500 | raw growth/level = 3409.17721519

Level | Base AP | Base HP
------|---------|---------
    1 |       1 |   14175
    2 |       1 |   17584
    3 |       1 |   20993
    4 |       1 |   24403
    5 |       1 |   27812
    6 |       1 |   31221
    7 |       1 |   34630
    8 |       1 |   38039
    9 |       1 |   41448
   10 |       1 |   44858
   11 |       1 |   48267
   12 |       1 |   51676
   13 |       1 |   55085
   14 |       1 |   58494
   15 |       1 |   61903
   16 |       1 |   65313
   17 |       1 |   68722
   18 |       1 |   72131
   19 |       1 |   75540
   20 |       1 |   78949
   21 |       1 |   82359
   22 |       1 |   85768
   23 |       1 |   89177
   24 |       1 |   92586
   25 |       1 |   95995
   26 |       1 |   99404
   27 |       1 |  102814
   28 |       1 |  106223
   29 |       1 |  109632
   30 |       1 |  113041
   31 |       1 |  116450
   32 |       1 |  119859
   33 |       1 |  123269
   34 |       1 |  126678
   35 |       1 |  130087
   36 |       1 |  133496
   37 |       1 |  136905
   38 |       1 |  140315
   39 |       1 |  143724
   40 |       1 |  147133
   41 |       1 |  150542
   42 |       1 |  153951
   43 |       1 |  157360
   44 |       1 |  160770
   45 |       1 |  164179
   46 |       1 |  167588
   47 |       1 |  170997
   48 |       1 |  174406
   49 |       1 |  177816
   50 |       1 |  181225
   51 |       1 |  184634
   52 |       1 |  188043
   53 |       1 |  191452
   54 |       1 |  194861
   55 |       1 |  198271
   56 |       1 |  201680
   57 |       1 |  205089
   58 |       1 |  208498
   59 |       1 |  211907
   60 |       1 |  215316
   61 |       1 |  218726
   62 |       1 |  222135
   63 |       1 |  225544
   64 |       1 |  228953
   65 |       1 |  232362
   66 |       1 |  235772
   67 |       1 |  239181
   68 |       1 |  242590
   69 |       1 |  245999
   70 |       1 |  249408
   71 |       1 |  252817
   72 |       1 |  256227
   73 |       1 |  259636
   74 |       1 |  263045
   75 |       1 |  266454
   76 |       1 |  269863
   77 |       1 |  273272
   78 |       1 |  276682
   79 |       1 |  280091
   80 |       1 |  283500

----------------------------------------------------------------------------

ID 075 | JEY VII | Asset: ally_75 | 7★
Max Level: 80
Base AP: 378 -> 9450 | raw growth/level = 114.835443038
Base HP: 3780 -> 56700 | raw growth/level = 669.873417722

Level | Base AP | Base HP
------|---------|---------
    1 |     378 |    3780
    2 |     493 |    4450
    3 |     608 |    5120
    4 |     723 |    5790
    5 |     837 |    6459
    6 |     952 |    7129
    7 |    1067 |    7799
    8 |    1182 |    8469
    9 |    1297 |    9139
   10 |    1412 |    9809
   11 |    1526 |   10479
   12 |    1641 |   11149
   13 |    1756 |   11818
   14 |    1871 |   12488
   15 |    1986 |   13158
   16 |    2101 |   13828
   17 |    2215 |   14498
   18 |    2330 |   15168
   19 |    2445 |   15838
   20 |    2560 |   16508
   21 |    2675 |   17177
   22 |    2790 |   17847
   23 |    2904 |   18517
   24 |    3019 |   19187
   25 |    3134 |   19857
   26 |    3249 |   20527
   27 |    3364 |   21197
   28 |    3479 |   21867
   29 |    3593 |   22536
   30 |    3708 |   23206
   31 |    3823 |   23876
   32 |    3938 |   24546
   33 |    4053 |   25216
   34 |    4168 |   25886
   35 |    4282 |   26556
   36 |    4397 |   27226
   37 |    4512 |   27895
   38 |    4627 |   28565
   39 |    4742 |   29235
   40 |    4857 |   29905
   41 |    4971 |   30575
   42 |    5086 |   31245
   43 |    5201 |   31915
   44 |    5316 |   32585
   45 |    5431 |   33254
   46 |    5546 |   33924
   47 |    5660 |   34594
   48 |    5775 |   35264
   49 |    5890 |   35934
   50 |    6005 |   36604
   51 |    6120 |   37274
   52 |    6235 |   37944
   53 |    6349 |   38613
   54 |    6464 |   39283
   55 |    6579 |   39953
   56 |    6694 |   40623
   57 |    6809 |   41293
   58 |    6924 |   41963
   59 |    7038 |   42633
   60 |    7153 |   43303
   61 |    7268 |   43972
   62 |    7383 |   44642
   63 |    7498 |   45312
   64 |    7613 |   45982
   65 |    7727 |   46652
   66 |    7842 |   47322
   67 |    7957 |   47992
   68 |    8072 |   48662
   69 |    8187 |   49331
   70 |    8302 |   50001
   71 |    8416 |   50671
   72 |    8531 |   51341
   73 |    8646 |   52011
   74 |    8761 |   52681
   75 |    8876 |   53351
   76 |    8991 |   54021
   77 |    9105 |   54690
   78 |    9220 |   55360
   79 |    9335 |   56030
   80 |    9450 |   56700

----------------------------------------------------------------------------

ID 081 | COW VII | Asset: ally_81 | 7★
Max Level: 80
Base AP: 672 -> 10080 | raw growth/level = 119.088607595
Base HP: 1 -> 1 | raw growth/level = 0
SOURCE NOTE: HP không đổi

Level | Base AP | Base HP
------|---------|---------
    1 |     672 |       1
    2 |     791 |       1
    3 |     910 |       1
    4 |    1029 |       1
    5 |    1148 |       1
    6 |    1267 |       1
    7 |    1387 |       1
    8 |    1506 |       1
    9 |    1625 |       1
   10 |    1744 |       1
   11 |    1863 |       1
   12 |    1982 |       1
   13 |    2101 |       1
   14 |    2220 |       1
   15 |    2339 |       1
   16 |    2458 |       1
   17 |    2577 |       1
   18 |    2697 |       1
   19 |    2816 |       1
   20 |    2935 |       1
   21 |    3054 |       1
   22 |    3173 |       1
   23 |    3292 |       1
   24 |    3411 |       1
   25 |    3530 |       1
   26 |    3649 |       1
   27 |    3768 |       1
   28 |    3887 |       1
   29 |    4006 |       1
   30 |    4126 |       1
   31 |    4245 |       1
   32 |    4364 |       1
   33 |    4483 |       1
   34 |    4602 |       1
   35 |    4721 |       1
   36 |    4840 |       1
   37 |    4959 |       1
   38 |    5078 |       1
   39 |    5197 |       1
   40 |    5316 |       1
   41 |    5436 |       1
   42 |    5555 |       1
   43 |    5674 |       1
   44 |    5793 |       1
   45 |    5912 |       1
   46 |    6031 |       1
   47 |    6150 |       1
   48 |    6269 |       1
   49 |    6388 |       1
   50 |    6507 |       1
   51 |    6626 |       1
   52 |    6746 |       1
   53 |    6865 |       1
   54 |    6984 |       1
   55 |    7103 |       1
   56 |    7222 |       1
   57 |    7341 |       1
   58 |    7460 |       1
   59 |    7579 |       1
   60 |    7698 |       1
   61 |    7817 |       1
   62 |    7936 |       1
   63 |    8055 |       1
   64 |    8175 |       1
   65 |    8294 |       1
   66 |    8413 |       1
   67 |    8532 |       1
   68 |    8651 |       1
   69 |    8770 |       1
   70 |    8889 |       1
   71 |    9008 |       1
   72 |    9127 |       1
   73 |    9246 |       1
   74 |    9365 |       1
   75 |    9485 |       1
   76 |    9604 |       1
   77 |    9723 |       1
   78 |    9842 |       1
   79 |    9961 |       1
   80 |   10080 |       1

----------------------------------------------------------------------------

ID 099 | Valkyrie Thrue | Asset: ally_99 | 7★
Max Level: 80
Base AP: 756 -> 13230 | raw growth/level = 157.898734177
Base HP: 3780 -> 75600 | raw growth/level = 909.113924051

Level | Base AP | Base HP
------|---------|---------
    1 |     756 |    3780
    2 |     914 |    4689
    3 |    1072 |    5598
    4 |    1230 |    6507
    5 |    1388 |    7416
    6 |    1545 |    8326
    7 |    1703 |    9235
    8 |    1861 |   10144
    9 |    2019 |   11053
   10 |    2177 |   11962
   11 |    2335 |   12871
   12 |    2493 |   13780
   13 |    2651 |   14689
   14 |    2809 |   15598
   15 |    2967 |   16508
   16 |    3124 |   17417
   17 |    3282 |   18326
   18 |    3440 |   19235
   19 |    3598 |   20144
   20 |    3756 |   21053
   21 |    3914 |   21962
   22 |    4072 |   22871
   23 |    4230 |   23781
   24 |    4388 |   24690
   25 |    4546 |   25599
   26 |    4703 |   26508
   27 |    4861 |   27417
   28 |    5019 |   28326
   29 |    5177 |   29235
   30 |    5335 |   30144
   31 |    5493 |   31053
   32 |    5651 |   31963
   33 |    5809 |   32872
   34 |    5967 |   33781
   35 |    6125 |   34690
   36 |    6282 |   35599
   37 |    6440 |   36508
   38 |    6598 |   37417
   39 |    6756 |   38326
   40 |    6914 |   39235
   41 |    7072 |   40145
   42 |    7230 |   41054
   43 |    7388 |   41963
   44 |    7546 |   42872
   45 |    7704 |   43781
   46 |    7861 |   44690
   47 |    8019 |   45599
   48 |    8177 |   46508
   49 |    8335 |   47417
   50 |    8493 |   48327
   51 |    8651 |   49236
   52 |    8809 |   50145
   53 |    8967 |   51054
   54 |    9125 |   51963
   55 |    9283 |   52872
   56 |    9440 |   53781
   57 |    9598 |   54690
   58 |    9756 |   55599
   59 |    9914 |   56509
   60 |   10072 |   57418
   61 |   10230 |   58327
   62 |   10388 |   59236
   63 |   10546 |   60145
   64 |   10704 |   61054
   65 |   10862 |   61963
   66 |   11019 |   62872
   67 |   11177 |   63782
   68 |   11335 |   64691
   69 |   11493 |   65600
   70 |   11651 |   66509
   71 |   11809 |   67418
   72 |   11967 |   68327
   73 |   12125 |   69236
   74 |   12283 |   70145
   75 |   12441 |   71054
   76 |   12598 |   71964
   77 |   12756 |   72873
   78 |   12914 |   73782
   79 |   13072 |   74691
   80 |   13230 |   75600

----------------------------------------------------------------------------

############################################################################
8★
############################################################################

ID 082 | ACE VIII | Asset: ally_82 | 8★
Max Level: 90
Base AP: 2835 -> 49613 | raw growth/level = 525.595505618
Base HP: 14175 -> 283500 | raw growth/level = 3026.12359551

Level | Base AP | Base HP
------|---------|---------
    1 |    2835 |   14175
    2 |    3361 |   17201
    3 |    3886 |   20227
    4 |    4412 |   23253
    5 |    4937 |   26279
    6 |    5463 |   29306
    7 |    5989 |   32332
    8 |    6514 |   35358
    9 |    7040 |   38384
   10 |    7565 |   41410
   11 |    8091 |   44436
   12 |    8617 |   47462
   13 |    9142 |   50488
   14 |    9668 |   53515
   15 |   10193 |   56541
   16 |   10719 |   59567
   17 |   11245 |   62593
   18 |   11770 |   65619
   19 |   12296 |   68645
   20 |   12821 |   71671
   21 |   13347 |   74697
   22 |   13873 |   77724
   23 |   14398 |   80750
   24 |   14924 |   83776
   25 |   15449 |   86802
   26 |   15975 |   89828
   27 |   16500 |   92854
   28 |   17026 |   95880
   29 |   17552 |   98906
   30 |   18077 |  101933
   31 |   18603 |  104959
   32 |   19128 |  107985
   33 |   19654 |  111011
   34 |   20180 |  114037
   35 |   20705 |  117063
   36 |   21231 |  120089
   37 |   21756 |  123115
   38 |   22282 |  126142
   39 |   22808 |  129168
   40 |   23333 |  132194
   41 |   23859 |  135220
   42 |   24384 |  138246
   43 |   24910 |  141272
   44 |   25436 |  144298
   45 |   25961 |  147324
   46 |   26487 |  150351
   47 |   27012 |  153377
   48 |   27538 |  156403
   49 |   28064 |  159429
   50 |   28589 |  162455
   51 |   29115 |  165481
   52 |   29640 |  168507
   53 |   30166 |  171533
   54 |   30692 |  174560
   55 |   31217 |  177586
   56 |   31743 |  180612
   57 |   32268 |  183638
   58 |   32794 |  186664
   59 |   33320 |  189690
   60 |   33845 |  192716
   61 |   34371 |  195742
   62 |   34896 |  198769
   63 |   35422 |  201795
   64 |   35948 |  204821
   65 |   36473 |  207847
   66 |   36999 |  210873
   67 |   37524 |  213899
   68 |   38050 |  216925
   69 |   38575 |  219951
   70 |   39101 |  222978
   71 |   39627 |  226004
   72 |   40152 |  229030
   73 |   40678 |  232056
   74 |   41203 |  235082
   75 |   41729 |  238108
   76 |   42255 |  241134
   77 |   42780 |  244160
   78 |   43306 |  247187
   79 |   43831 |  250213
   80 |   44357 |  253239
   81 |   44883 |  256265
   82 |   45408 |  259291
   83 |   45934 |  262317
   84 |   46459 |  265343
   85 |   46985 |  268369
   86 |   47511 |  271396
   87 |   48036 |  274422
   88 |   48562 |  277448
   89 |   49087 |  280474
   90 |   49613 |  283500

----------------------------------------------------------------------------

ID 083 | ECHO VIII | Asset: ally_83 | 8★
Max Level: 90
Base AP: 1418 -> 28350 | raw growth/level = 302.606741573
Base HP: 14175 -> 255150 | raw growth/level = 2707.58426966

Level | Base AP | Base HP
------|---------|---------
    1 |    1418 |   14175
    2 |    1721 |   16883
    3 |    2023 |   19590
    4 |    2326 |   22298
    5 |    2628 |   25005
    6 |    2931 |   27713
    7 |    3234 |   30421
    8 |    3536 |   33128
    9 |    3839 |   35836
   10 |    4141 |   38543
   11 |    4444 |   41251
   12 |    4747 |   43958
   13 |    5049 |   46666
   14 |    5352 |   49374
   15 |    5654 |   52081
   16 |    5957 |   54789
   17 |    6260 |   57496
   18 |    6562 |   60204
   19 |    6865 |   62912
   20 |    7168 |   65619
   21 |    7470 |   68327
   22 |    7773 |   71034
   23 |    8075 |   73742
   24 |    8378 |   76449
   25 |    8681 |   79157
   26 |    8983 |   81865
   27 |    9286 |   84572
   28 |    9588 |   87280
   29 |    9891 |   89987
   30 |   10194 |   92695
   31 |   10496 |   95403
   32 |   10799 |   98110
   33 |   11101 |  100818
   34 |   11404 |  103525
   35 |   11707 |  106233
   36 |   12009 |  108940
   37 |   12312 |  111648
   38 |   12614 |  114356
   39 |   12917 |  117063
   40 |   13220 |  119771
   41 |   13522 |  122478
   42 |   13825 |  125186
   43 |   14127 |  127894
   44 |   14430 |  130601
   45 |   14733 |  133309
   46 |   15035 |  136016
   47 |   15338 |  138724
   48 |   15641 |  141431
   49 |   15943 |  144139
   50 |   16246 |  146847
   51 |   16548 |  149554
   52 |   16851 |  152262
   53 |   17154 |  154969
   54 |   17456 |  157677
   55 |   17759 |  160385
   56 |   18061 |  163092
   57 |   18364 |  165800
   58 |   18667 |  168507
   59 |   18969 |  171215
   60 |   19272 |  173922
   61 |   19574 |  176630
   62 |   19877 |  179338
   63 |   20180 |  182045
   64 |   20482 |  184753
   65 |   20785 |  187460
   66 |   21087 |  190168
   67 |   21390 |  192876
   68 |   21693 |  195583
   69 |   21995 |  198291
   70 |   22298 |  200998
   71 |   22600 |  203706
   72 |   22903 |  206413
   73 |   23206 |  209121
   74 |   23508 |  211829
   75 |   23811 |  214536
   76 |   24114 |  217244
   77 |   24416 |  219951
   78 |   24719 |  222659
   79 |   25021 |  225367
   80 |   25324 |  228074
   81 |   25627 |  230782
   82 |   25929 |  233489
   83 |   26232 |  236197
   84 |   26534 |  238904
   85 |   26837 |  241612
   86 |   27140 |  244320
   87 |   27442 |  247027
   88 |   27745 |  249735
   89 |   28047 |  252442
   90 |   28350 |  255150

----------------------------------------------------------------------------

ID 084 | SMARTY VIII | Asset: ally_84 | 8★
Max Level: 90
Base AP: 4253 -> 42525 | raw growth/level = 430.02247191
Base HP: 18428 -> 368550 | raw growth/level = 3933.95505618

Level | Base AP | Base HP
------|---------|---------
    1 |    4253 |   18428
    2 |    4683 |   22362
    3 |    5113 |   26296
    4 |    5543 |   30230
    5 |    5973 |   34164
    6 |    6403 |   38098
    7 |    6833 |   42032
    8 |    7263 |   45966
    9 |    7693 |   49900
   10 |    8123 |   53834
   11 |    8553 |   57768
   12 |    8983 |   61702
   13 |    9413 |   65635
   14 |    9843 |   69569
   15 |   10273 |   73503
   16 |   10703 |   77437
   17 |   11133 |   81371
   18 |   11563 |   85305
   19 |   11993 |   89239
   20 |   12423 |   93173
   21 |   12853 |   97107
   22 |   13283 |  101041
   23 |   13713 |  104975
   24 |   14144 |  108909
   25 |   14574 |  112843
   26 |   15004 |  116777
   27 |   15434 |  120711
   28 |   15864 |  124645
   29 |   16294 |  128579
   30 |   16724 |  132513
   31 |   17154 |  136447
   32 |   17584 |  140381
   33 |   18014 |  144315
   34 |   18444 |  148249
   35 |   18874 |  152182
   36 |   19304 |  156116
   37 |   19734 |  160050
   38 |   20164 |  163984
   39 |   20594 |  167918
   40 |   21024 |  171852
   41 |   21454 |  175786
   42 |   21884 |  179720
   43 |   22314 |  183654
   44 |   22744 |  187588
   45 |   23174 |  191522
   46 |   23604 |  195456
   47 |   24034 |  199390
   48 |   24464 |  203324
   49 |   24894 |  207258
   50 |   25324 |  211192
   51 |   25754 |  215126
   52 |   26184 |  219060
   53 |   26614 |  222994
   54 |   27044 |  226928
   55 |   27474 |  230862
   56 |   27904 |  234796
   57 |   28334 |  238729
   58 |   28764 |  242663
   59 |   29194 |  246597
   60 |   29624 |  250531
   61 |   30054 |  254465
   62 |   30484 |  258399
   63 |   30914 |  262333
   64 |   31344 |  266267
   65 |   31774 |  270201
   66 |   32204 |  274135
   67 |   32634 |  278069
   68 |   33065 |  282003
   69 |   33495 |  285937
   70 |   33925 |  289871
   71 |   34355 |  293805
   72 |   34785 |  297739
   73 |   35215 |  301673
   74 |   35645 |  305607
   75 |   36075 |  309541
   76 |   36505 |  313475
   77 |   36935 |  317409
   78 |   37365 |  321343
   79 |   37795 |  325276
   80 |   38225 |  329210
   81 |   38655 |  333144
   82 |   39085 |  337078
   83 |   39515 |  341012
   84 |   39945 |  344946
   85 |   40375 |  348880
   86 |   40805 |  352814
   87 |   41235 |  356748
   88 |   41665 |  360682
   89 |   42095 |  364616
   90 |   42525 |  368550

----------------------------------------------------------------------------

ID 085 | KHAN VIII | Asset: ally_85 | 8★
Max Level: 90
Base AP: 300 -> 3 | raw growth/level = -3.33707865169
Base HP: 63788 -> 1275750 | raw growth/level = 13617.5505618
SOURCE NOTE: AP_END < AP_START

Level | Base AP | Base HP
------|---------|---------
    1 |     300 |   63788
    2 |     297 |   77406
    3 |     293 |   91023
    4 |     290 |  104641
    5 |     287 |  118258
    6 |     283 |  131876
    7 |     280 |  145493
    8 |     277 |  159111
    9 |     273 |  172728
   10 |     270 |  186346
   11 |     267 |  199964
   12 |     263 |  213581
   13 |     260 |  227199
   14 |     257 |  240816
   15 |     253 |  254434
   16 |     250 |  268051
   17 |     247 |  281669
   18 |     243 |  295286
   19 |     240 |  308904
   20 |     237 |  322521
   21 |     233 |  336139
   22 |     230 |  349757
   23 |     227 |  363374
   24 |     223 |  376992
   25 |     220 |  390609
   26 |     217 |  404227
   27 |     213 |  417844
   28 |     210 |  431462
   29 |     207 |  445079
   30 |     203 |  458697
   31 |     200 |  472315
   32 |     197 |  485932
   33 |     193 |  499550
   34 |     190 |  513167
   35 |     187 |  526785
   36 |     183 |  540402
   37 |     180 |  554020
   38 |     177 |  567637
   39 |     173 |  581255
   40 |     170 |  594872
   41 |     167 |  608490
   42 |     163 |  622108
   43 |     160 |  635725
   44 |     157 |  649343
   45 |     153 |  662960
   46 |     150 |  676578
   47 |     146 |  690195
   48 |     143 |  703813
   49 |     140 |  717430
   50 |     136 |  731048
   51 |     133 |  744666
   52 |     130 |  758283
   53 |     126 |  771901
   54 |     123 |  785518
   55 |     120 |  799136
   56 |     116 |  812753
   57 |     113 |  826371
   58 |     110 |  839988
   59 |     106 |  853606
   60 |     103 |  867223
   61 |     100 |  880841
   62 |      96 |  894459
   63 |      93 |  908076
   64 |      90 |  921694
   65 |      86 |  935311
   66 |      83 |  948929
   67 |      80 |  962546
   68 |      76 |  976164
   69 |      73 |  989781
   70 |      70 | 1003399
   71 |      66 | 1017017
   72 |      63 | 1030634
   73 |      60 | 1044252
   74 |      56 | 1057869
   75 |      53 | 1071487
   76 |      50 | 1085104
   77 |      46 | 1098722
   78 |      43 | 1112339
   79 |      40 | 1125957
   80 |      36 | 1139574
   81 |      33 | 1153192
   82 |      30 | 1166810
   83 |      26 | 1180427
   84 |      23 | 1194045
   85 |      20 | 1207662
   86 |      16 | 1221280
   87 |      13 | 1234897
   88 |      10 | 1248515
   89 |       6 | 1262132
   90 |       3 | 1275750

----------------------------------------------------------------------------

ID 086 | RUSY VIII | Asset: ally_86 | 8★
Max Level: 90
Base AP: 4253 -> 56700 | raw growth/level = 589.292134831
Base HP: 17010 -> 340200 | raw growth/level = 3631.34831461

Level | Base AP | Base HP
------|---------|---------
    1 |    4253 |   17010
    2 |    4842 |   20641
    3 |    5432 |   24273
    4 |    6021 |   27904
    5 |    6610 |   31535
    6 |    7199 |   35167
    7 |    7789 |   38798
    8 |    8378 |   42429
    9 |    8967 |   46061
   10 |    9557 |   49692
   11 |   10146 |   53323
   12 |   10735 |   56955
   13 |   11325 |   60586
   14 |   11914 |   64218
   15 |   12503 |   67849
   16 |   13092 |   71480
   17 |   13682 |   75112
   18 |   14271 |   78743
   19 |   14860 |   82374
   20 |   15450 |   86006
   21 |   16039 |   89637
   22 |   16628 |   93268
   23 |   17217 |   96900
   24 |   17807 |  100531
   25 |   18396 |  104162
   26 |   18985 |  107794
   27 |   19575 |  111425
   28 |   20164 |  115056
   29 |   20753 |  118688
   30 |   21342 |  122319
   31 |   21932 |  125950
   32 |   22521 |  129582
   33 |   23110 |  133213
   34 |   23700 |  136844
   35 |   24289 |  140476
   36 |   24878 |  144107
   37 |   25468 |  147739
   38 |   26057 |  151370
   39 |   26646 |  155001
   40 |   27235 |  158633
   41 |   27825 |  162264
   42 |   28414 |  165895
   43 |   29003 |  169527
   44 |   29593 |  173158
   45 |   30182 |  176789
   46 |   30771 |  180421
   47 |   31360 |  184052
   48 |   31950 |  187683
   49 |   32539 |  191315
   50 |   33128 |  194946
   51 |   33718 |  198577
   52 |   34307 |  202209
   53 |   34896 |  205840
   54 |   35485 |  209471
   55 |   36075 |  213103
   56 |   36664 |  216734
   57 |   37253 |  220366
   58 |   37843 |  223997
   59 |   38432 |  227628
   60 |   39021 |  231260
   61 |   39611 |  234891
   62 |   40200 |  238522
   63 |   40789 |  242154
   64 |   41378 |  245785
   65 |   41968 |  249416
   66 |   42557 |  253048
   67 |   43146 |  256679
   68 |   43736 |  260310
   69 |   44325 |  263942
   70 |   44914 |  267573
   71 |   45503 |  271204
   72 |   46093 |  274836
   73 |   46682 |  278467
   74 |   47271 |  282098
   75 |   47861 |  285730
   76 |   48450 |  289361
   77 |   49039 |  292992
   78 |   49628 |  296624
   79 |   50218 |  300255
   80 |   50807 |  303887
   81 |   51396 |  307518
   82 |   51986 |  311149
   83 |   52575 |  314781
   84 |   53164 |  318412
   85 |   53754 |  322043
   86 |   54343 |  325675
   87 |   54932 |  329306
   88 |   55521 |  332937
   89 |   56111 |  336569
   90 |   56700 |  340200

----------------------------------------------------------------------------

ID 087 | RUSY VIII | Asset: ally_87 | 8★
Max Level: 90
Base AP: 2835 -> 37800 | raw growth/level = 392.865168539
Base HP: 11340 -> 226800 | raw growth/level = 2420.8988764

Level | Base AP | Base HP
------|---------|---------
    1 |    2835 |   11340
    2 |    3228 |   13761
    3 |    3621 |   16182
    4 |    4014 |   18603
    5 |    4406 |   21024
    6 |    4799 |   23444
    7 |    5192 |   25865
    8 |    5585 |   28286
    9 |    5978 |   30707
   10 |    6371 |   33128
   11 |    6764 |   35549
   12 |    7157 |   37970
   13 |    7549 |   40391
   14 |    7942 |   42812
   15 |    8335 |   45233
   16 |    8728 |   47653
   17 |    9121 |   50074
   18 |    9514 |   52495
   19 |    9907 |   54916
   20 |   10299 |   57337
   21 |   10692 |   59758
   22 |   11085 |   62179
   23 |   11478 |   64600
   24 |   11871 |   67021
   25 |   12264 |   69442
   26 |   12657 |   71862
   27 |   13049 |   74283
   28 |   13442 |   76704
   29 |   13835 |   79125
   30 |   14228 |   81546
   31 |   14621 |   83967
   32 |   15014 |   86388
   33 |   15407 |   88809
   34 |   15800 |   91230
   35 |   16192 |   93651
   36 |   16585 |   96071
   37 |   16978 |   98492
   38 |   17371 |  100913
   39 |   17764 |  103334
   40 |   18157 |  105755
   41 |   18550 |  108176
   42 |   18942 |  110597
   43 |   19335 |  113018
   44 |   19728 |  115439
   45 |   20121 |  117860
   46 |   20514 |  120280
   47 |   20907 |  122701
   48 |   21300 |  125122
   49 |   21693 |  127543
   50 |   22085 |  129964
   51 |   22478 |  132385
   52 |   22871 |  134806
   53 |   23264 |  137227
   54 |   23657 |  139648
   55 |   24050 |  142069
   56 |   24443 |  144489
   57 |   24835 |  146910
   58 |   25228 |  149331
   59 |   25621 |  151752
   60 |   26014 |  154173
   61 |   26407 |  156594
   62 |   26800 |  159015
   63 |   27193 |  161436
   64 |   27586 |  163857
   65 |   27978 |  166278
   66 |   28371 |  168698
   67 |   28764 |  171119
   68 |   29157 |  173540
   69 |   29550 |  175961
   70 |   29943 |  178382
   71 |   30336 |  180803
   72 |   30728 |  183224
   73 |   31121 |  185645
   74 |   31514 |  188066
   75 |   31907 |  190487
   76 |   32300 |  192907
   77 |   32693 |  195328
   78 |   33086 |  197749
   79 |   33478 |  200170
   80 |   33871 |  202591
   81 |   34264 |  205012
   82 |   34657 |  207433
   83 |   35050 |  209854
   84 |   35443 |  212275
   85 |   35836 |  214696
   86 |   36229 |  217116
   87 |   36621 |  219537
   88 |   37014 |  221958
   89 |   37407 |  224379
   90 |   37800 |  226800

----------------------------------------------------------------------------

ID 088 | BEBEE VIII | Asset: ally_88 | 8★
Max Level: 90
Base AP: 2520 -> 44100 | raw growth/level = 467.191011236
Base HP: 11700 -> 234 | raw growth/level = -128.831460674
SOURCE NOTE: HP_END < HP_START

Level | Base AP | Base HP
------|---------|---------
    1 |    2520 |   11700
    2 |    2987 |   11571
    3 |    3454 |   11442
    4 |    3922 |   11314
    5 |    4389 |   11185
    6 |    4856 |   11056
    7 |    5323 |   10927
    8 |    5790 |   10798
    9 |    6258 |   10669
   10 |    6725 |   10541
   11 |    7192 |   10412
   12 |    7659 |   10283
   13 |    8126 |   10154
   14 |    8593 |   10025
   15 |    9061 |    9896
   16 |    9528 |    9768
   17 |    9995 |    9639
   18 |   10462 |    9510
   19 |   10929 |    9381
   20 |   11397 |    9252
   21 |   11864 |    9123
   22 |   12331 |    8995
   23 |   12798 |    8866
   24 |   13265 |    8737
   25 |   13733 |    8608
   26 |   14200 |    8479
   27 |   14667 |    8350
   28 |   15134 |    8222
   29 |   15601 |    8093
   30 |   16069 |    7964
   31 |   16536 |    7835
   32 |   17003 |    7706
   33 |   17470 |    7577
   34 |   17937 |    7449
   35 |   18404 |    7320
   36 |   18872 |    7191
   37 |   19339 |    7062
   38 |   19806 |    6933
   39 |   20273 |    6804
   40 |   20740 |    6676
   41 |   21208 |    6547
   42 |   21675 |    6418
   43 |   22142 |    6289
   44 |   22609 |    6160
   45 |   23076 |    6031
   46 |   23544 |    5903
   47 |   24011 |    5774
   48 |   24478 |    5645
   49 |   24945 |    5516
   50 |   25412 |    5387
   51 |   25880 |    5258
   52 |   26347 |    5130
   53 |   26814 |    5001
   54 |   27281 |    4872
   55 |   27748 |    4743
   56 |   28216 |    4614
   57 |   28683 |    4485
   58 |   29150 |    4357
   59 |   29617 |    4228
   60 |   30084 |    4099
   61 |   30551 |    3970
   62 |   31019 |    3841
   63 |   31486 |    3712
   64 |   31953 |    3584
   65 |   32420 |    3455
   66 |   32887 |    3326
   67 |   33355 |    3197
   68 |   33822 |    3068
   69 |   34289 |    2939
   70 |   34756 |    2811
   71 |   35223 |    2682
   72 |   35691 |    2553
   73 |   36158 |    2424
   74 |   36625 |    2295
   75 |   37092 |    2166
   76 |   37559 |    2038
   77 |   38027 |    1909
   78 |   38494 |    1780
   79 |   38961 |    1651
   80 |   39428 |    1522
   81 |   39895 |    1393
   82 |   40362 |    1265
   83 |   40830 |    1136
   84 |   41297 |    1007
   85 |   41764 |     878
   86 |   42231 |     749
   87 |   42698 |     620
   88 |   43166 |     492
   89 |   43633 |     363
   90 |   44100 |     234

----------------------------------------------------------------------------

ID 089 | RUBY VIII | Asset: ally_89 | 8★
Max Level: 90
Base AP: 4253 -> 42525 | raw growth/level = 430.02247191
Base HP: 18428 -> 368550 | raw growth/level = 3933.95505618

Level | Base AP | Base HP
------|---------|---------
    1 |    4253 |   18428
    2 |    4683 |   22362
    3 |    5113 |   26296
    4 |    5543 |   30230
    5 |    5973 |   34164
    6 |    6403 |   38098
    7 |    6833 |   42032
    8 |    7263 |   45966
    9 |    7693 |   49900
   10 |    8123 |   53834
   11 |    8553 |   57768
   12 |    8983 |   61702
   13 |    9413 |   65635
   14 |    9843 |   69569
   15 |   10273 |   73503
   16 |   10703 |   77437
   17 |   11133 |   81371
   18 |   11563 |   85305
   19 |   11993 |   89239
   20 |   12423 |   93173
   21 |   12853 |   97107
   22 |   13283 |  101041
   23 |   13713 |  104975
   24 |   14144 |  108909
   25 |   14574 |  112843
   26 |   15004 |  116777
   27 |   15434 |  120711
   28 |   15864 |  124645
   29 |   16294 |  128579
   30 |   16724 |  132513
   31 |   17154 |  136447
   32 |   17584 |  140381
   33 |   18014 |  144315
   34 |   18444 |  148249
   35 |   18874 |  152182
   36 |   19304 |  156116
   37 |   19734 |  160050
   38 |   20164 |  163984
   39 |   20594 |  167918
   40 |   21024 |  171852
   41 |   21454 |  175786
   42 |   21884 |  179720
   43 |   22314 |  183654
   44 |   22744 |  187588
   45 |   23174 |  191522
   46 |   23604 |  195456
   47 |   24034 |  199390
   48 |   24464 |  203324
   49 |   24894 |  207258
   50 |   25324 |  211192
   51 |   25754 |  215126
   52 |   26184 |  219060
   53 |   26614 |  222994
   54 |   27044 |  226928
   55 |   27474 |  230862
   56 |   27904 |  234796
   57 |   28334 |  238729
   58 |   28764 |  242663
   59 |   29194 |  246597
   60 |   29624 |  250531
   61 |   30054 |  254465
   62 |   30484 |  258399
   63 |   30914 |  262333
   64 |   31344 |  266267
   65 |   31774 |  270201
   66 |   32204 |  274135
   67 |   32634 |  278069
   68 |   33065 |  282003
   69 |   33495 |  285937
   70 |   33925 |  289871
   71 |   34355 |  293805
   72 |   34785 |  297739
   73 |   35215 |  301673
   74 |   35645 |  305607
   75 |   36075 |  309541
   76 |   36505 |  313475
   77 |   36935 |  317409
   78 |   37365 |  321343
   79 |   37795 |  325276
   80 |   38225 |  329210
   81 |   38655 |  333144
   82 |   39085 |  337078
   83 |   39515 |  341012
   84 |   39945 |  344946
   85 |   40375 |  348880
   86 |   40805 |  352814
   87 |   41235 |  356748
   88 |   41665 |  360682
   89 |   42095 |  364616
   90 |   42525 |  368550

----------------------------------------------------------------------------

ID 090 | GOLDMAN VIII | Asset: ally_90 | 8★
Max Level: 90
Base AP: 2930 -> 51267 | raw growth/level = 543.112359551
Base HP: 19042 -> 380835 | raw growth/level = 4065.08988764

Level | Base AP | Base HP
------|---------|---------
    1 |    2930 |   19042
    2 |    3473 |   23107
    3 |    4016 |   27172
    4 |    4559 |   31237
    5 |    5102 |   35302
    6 |    5646 |   39367
    7 |    6189 |   43433
    8 |    6732 |   47498
    9 |    7275 |   51563
   10 |    7818 |   55628
   11 |    8361 |   59693
   12 |    8904 |   63758
   13 |    9447 |   67823
   14 |    9990 |   71888
   15 |   10534 |   75953
   16 |   11077 |   80018
   17 |   11620 |   84083
   18 |   12163 |   88149
   19 |   12706 |   92214
   20 |   13249 |   96279
   21 |   13792 |  100344
   22 |   14335 |  104409
   23 |   14878 |  108474
   24 |   15422 |  112539
   25 |   15965 |  116604
   26 |   16508 |  120669
   27 |   17051 |  124734
   28 |   17594 |  128799
   29 |   18137 |  132865
   30 |   18680 |  136930
   31 |   19223 |  140995
   32 |   19766 |  145060
   33 |   20310 |  149125
   34 |   20853 |  153190
   35 |   21396 |  157255
   36 |   21939 |  161320
   37 |   22482 |  165385
   38 |   23025 |  169450
   39 |   23568 |  173515
   40 |   24111 |  177581
   41 |   24654 |  181646
   42 |   25198 |  185711
   43 |   25741 |  189776
   44 |   26284 |  193841
   45 |   26827 |  197906
   46 |   27370 |  201971
   47 |   27913 |  206036
   48 |   28456 |  210101
   49 |   28999 |  214166
   50 |   29543 |  218231
   51 |   30086 |  222296
   52 |   30629 |  226362
   53 |   31172 |  230427
   54 |   31715 |  234492
   55 |   32258 |  238557
   56 |   32801 |  242622
   57 |   33344 |  246687
   58 |   33887 |  250752
   59 |   34431 |  254817
   60 |   34974 |  258882
   61 |   35517 |  262947
   62 |   36060 |  267012
   63 |   36603 |  271078
   64 |   37146 |  275143
   65 |   37689 |  279208
   66 |   38232 |  283273
   67 |   38775 |  287338
   68 |   39319 |  291403
   69 |   39862 |  295468
   70 |   40405 |  299533
   71 |   40948 |  303598
   72 |   41491 |  307663
   73 |   42034 |  311728
   74 |   42577 |  315794
   75 |   43120 |  319859
   76 |   43663 |  323924
   77 |   44207 |  327989
   78 |   44750 |  332054
   79 |   45293 |  336119
   80 |   45836 |  340184
   81 |   46379 |  344249
   82 |   46922 |  348314
   83 |   47465 |  352379
   84 |   48008 |  356444
   85 |   48551 |  360510
   86 |   49095 |  364575
   87 |   49638 |  368640
   88 |   50181 |  372705
   89 |   50724 |  376770
   90 |   51267 |  380835

----------------------------------------------------------------------------

ID 091 | GINGERMAN VIII | Asset: ally_91 | 8★
Max Level: 90
Base AP: 2835 -> 49613 | raw growth/level = 525.595505618
Base HP: 18428 -> 368550 | raw growth/level = 3933.95505618

Level | Base AP | Base HP
------|---------|---------
    1 |    2835 |   18428
    2 |    3361 |   22362
    3 |    3886 |   26296
    4 |    4412 |   30230
    5 |    4937 |   34164
    6 |    5463 |   38098
    7 |    5989 |   42032
    8 |    6514 |   45966
    9 |    7040 |   49900
   10 |    7565 |   53834
   11 |    8091 |   57768
   12 |    8617 |   61702
   13 |    9142 |   65635
   14 |    9668 |   69569
   15 |   10193 |   73503
   16 |   10719 |   77437
   17 |   11245 |   81371
   18 |   11770 |   85305
   19 |   12296 |   89239
   20 |   12821 |   93173
   21 |   13347 |   97107
   22 |   13873 |  101041
   23 |   14398 |  104975
   24 |   14924 |  108909
   25 |   15449 |  112843
   26 |   15975 |  116777
   27 |   16500 |  120711
   28 |   17026 |  124645
   29 |   17552 |  128579
   30 |   18077 |  132513
   31 |   18603 |  136447
   32 |   19128 |  140381
   33 |   19654 |  144315
   34 |   20180 |  148249
   35 |   20705 |  152182
   36 |   21231 |  156116
   37 |   21756 |  160050
   38 |   22282 |  163984
   39 |   22808 |  167918
   40 |   23333 |  171852
   41 |   23859 |  175786
   42 |   24384 |  179720
   43 |   24910 |  183654
   44 |   25436 |  187588
   45 |   25961 |  191522
   46 |   26487 |  195456
   47 |   27012 |  199390
   48 |   27538 |  203324
   49 |   28064 |  207258
   50 |   28589 |  211192
   51 |   29115 |  215126
   52 |   29640 |  219060
   53 |   30166 |  222994
   54 |   30692 |  226928
   55 |   31217 |  230862
   56 |   31743 |  234796
   57 |   32268 |  238729
   58 |   32794 |  242663
   59 |   33320 |  246597
   60 |   33845 |  250531
   61 |   34371 |  254465
   62 |   34896 |  258399
   63 |   35422 |  262333
   64 |   35948 |  266267
   65 |   36473 |  270201
   66 |   36999 |  274135
   67 |   37524 |  278069
   68 |   38050 |  282003
   69 |   38575 |  285937
   70 |   39101 |  289871
   71 |   39627 |  293805
   72 |   40152 |  297739
   73 |   40678 |  301673
   74 |   41203 |  305607
   75 |   41729 |  309541
   76 |   42255 |  313475
   77 |   42780 |  317409
   78 |   43306 |  321343
   79 |   43831 |  325276
   80 |   44357 |  329210
   81 |   44883 |  333144
   82 |   45408 |  337078
   83 |   45934 |  341012
   84 |   46459 |  344946
   85 |   46985 |  348880
   86 |   47511 |  352814
   87 |   48036 |  356748
   88 |   48562 |  360682
   89 |   49087 |  364616
   90 |   49613 |  368550

----------------------------------------------------------------------------

ID 092 | BENSI VIII | Asset: ally_92 | 8★
Max Level: 90
Base AP: 4536 -> 45360 | raw growth/level = 458.696629213
Base HP: 19656 -> 393120 | raw growth/level = 4196.2247191

Level | Base AP | Base HP
------|---------|---------
    1 |    4536 |   19656
    2 |    4995 |   23852
    3 |    5453 |   28048
    4 |    5912 |   32245
    5 |    6371 |   36441
    6 |    6829 |   40637
    7 |    7288 |   44833
    8 |    7747 |   49030
    9 |    8206 |   53226
   10 |    8664 |   57422
   11 |    9123 |   61618
   12 |    9582 |   65814
   13 |   10040 |   70011
   14 |   10499 |   74207
   15 |   10958 |   78403
   16 |   11416 |   82599
   17 |   11875 |   86796
   18 |   12334 |   90992
   19 |   12793 |   95188
   20 |   13251 |   99384
   21 |   13710 |  103580
   22 |   14169 |  107777
   23 |   14627 |  111973
   24 |   15086 |  116169
   25 |   15545 |  120365
   26 |   16003 |  124562
   27 |   16462 |  128758
   28 |   16921 |  132954
   29 |   17380 |  137150
   30 |   17838 |  141347
   31 |   18297 |  145543
   32 |   18756 |  149739
   33 |   19214 |  153935
   34 |   19673 |  158131
   35 |   20132 |  162328
   36 |   20590 |  166524
   37 |   21049 |  170720
   38 |   21508 |  174916
   39 |   21966 |  179113
   40 |   22425 |  183309
   41 |   22884 |  187505
   42 |   23343 |  191701
   43 |   23801 |  195897
   44 |   24260 |  200094
   45 |   24719 |  204290
   46 |   25177 |  208486
   47 |   25636 |  212682
   48 |   26095 |  216879
   49 |   26553 |  221075
   50 |   27012 |  225271
   51 |   27471 |  229467
   52 |   27930 |  233663
   53 |   28388 |  237860
   54 |   28847 |  242056
   55 |   29306 |  246252
   56 |   29764 |  250448
   57 |   30223 |  254645
   58 |   30682 |  258841
   59 |   31140 |  263037
   60 |   31599 |  267233
   61 |   32058 |  271429
   62 |   32516 |  275626
   63 |   32975 |  279822
   64 |   33434 |  284018
   65 |   33893 |  288214
   66 |   34351 |  292411
   67 |   34810 |  296607
   68 |   35269 |  300803
   69 |   35727 |  304999
   70 |   36186 |  309196
   71 |   36645 |  313392
   72 |   37103 |  317588
   73 |   37562 |  321784
   74 |   38021 |  325980
   75 |   38480 |  330177
   76 |   38938 |  334373
   77 |   39397 |  338569
   78 |   39856 |  342765
   79 |   40314 |  346962
   80 |   40773 |  351158
   81 |   41232 |  355354
   82 |   41690 |  359550
   83 |   42149 |  363746
   84 |   42608 |  367943
   85 |   43067 |  372139
   86 |   43525 |  376335
   87 |   43984 |  380531
   88 |   44443 |  384728
   89 |   44901 |  388924
   90 |   45360 |  393120

----------------------------------------------------------------------------

ID 093 | JEY VIII | Asset: ally_93 | 8★
Max Level: 90
Base AP: 1890 -> 47250 | raw growth/level = 509.662921348
Base HP: 18900 -> 283500 | raw growth/level = 2973.03370787

Level | Base AP | Base HP
------|---------|---------
    1 |    1890 |   18900
    2 |    2400 |   21873
    3 |    2909 |   24846
    4 |    3419 |   27819
    5 |    3929 |   30792
    6 |    4438 |   33765
    7 |    4948 |   36738
    8 |    5458 |   39711
    9 |    5967 |   42684
   10 |    6477 |   45657
   11 |    6987 |   48630
   12 |    7496 |   51603
   13 |    8006 |   54576
   14 |    8516 |   57549
   15 |    9025 |   60522
   16 |    9535 |   63496
   17 |   10045 |   66469
   18 |   10554 |   69442
   19 |   11064 |   72415
   20 |   11574 |   75388
   21 |   12083 |   78361
   22 |   12593 |   81334
   23 |   13103 |   84307
   24 |   13612 |   87280
   25 |   14122 |   90253
   26 |   14632 |   93226
   27 |   15141 |   96199
   28 |   15651 |   99172
   29 |   16161 |  102145
   30 |   16670 |  105118
   31 |   17180 |  108091
   32 |   17690 |  111064
   33 |   18199 |  114037
   34 |   18709 |  117010
   35 |   19219 |  119983
   36 |   19728 |  122956
   37 |   20238 |  125929
   38 |   20748 |  128902
   39 |   21257 |  131875
   40 |   21767 |  134848
   41 |   22277 |  137821
   42 |   22786 |  140794
   43 |   23296 |  143767
   44 |   23806 |  146740
   45 |   24315 |  149713
   46 |   24825 |  152687
   47 |   25334 |  155660
   48 |   25844 |  158633
   49 |   26354 |  161606
   50 |   26863 |  164579
   51 |   27373 |  167552
   52 |   27883 |  170525
   53 |   28392 |  173498
   54 |   28902 |  176471
   55 |   29412 |  179444
   56 |   29921 |  182417
   57 |   30431 |  185390
   58 |   30941 |  188363
   59 |   31450 |  191336
   60 |   31960 |  194309
   61 |   32470 |  197282
   62 |   32979 |  200255
   63 |   33489 |  203228
   64 |   33999 |  206201
   65 |   34508 |  209174
   66 |   35018 |  212147
   67 |   35528 |  215120
   68 |   36037 |  218093
   69 |   36547 |  221066
   70 |   37057 |  224039
   71 |   37566 |  227012
   72 |   38076 |  229985
   73 |   38586 |  232958
   74 |   39095 |  235931
   75 |   39605 |  238904
   76 |   40115 |  241878
   77 |   40624 |  244851
   78 |   41134 |  247824
   79 |   41644 |  250797
   80 |   42153 |  253770
   81 |   42663 |  256743
   82 |   43173 |  259716
   83 |   43682 |  262689
   84 |   44192 |  265662
   85 |   44702 |  268635
   86 |   45211 |  271608
   87 |   45721 |  274581
   88 |   46231 |  277554
   89 |   46740 |  280527
   90 |   47250 |  283500

----------------------------------------------------------------------------

ID 094 | COW VIII | Asset: ally_94 | 8★
Max Level: 90
Base AP: 3024 -> 45360 | raw growth/level = 475.685393258
Base HP: 1 -> 1 | raw growth/level = 0
SOURCE NOTE: HP không đổi

Level | Base AP | Base HP
------|---------|---------
    1 |    3024 |       1
    2 |    3500 |       1
    3 |    3975 |       1
    4 |    4451 |       1
    5 |    4927 |       1
    6 |    5402 |       1
    7 |    5878 |       1
    8 |    6354 |       1
    9 |    6829 |       1
   10 |    7305 |       1
   11 |    7781 |       1
   12 |    8257 |       1
   13 |    8732 |       1
   14 |    9208 |       1
   15 |    9684 |       1
   16 |   10159 |       1
   17 |   10635 |       1
   18 |   11111 |       1
   19 |   11586 |       1
   20 |   12062 |       1
   21 |   12538 |       1
   22 |   13013 |       1
   23 |   13489 |       1
   24 |   13965 |       1
   25 |   14440 |       1
   26 |   14916 |       1
   27 |   15392 |       1
   28 |   15868 |       1
   29 |   16343 |       1
   30 |   16819 |       1
   31 |   17295 |       1
   32 |   17770 |       1
   33 |   18246 |       1
   34 |   18722 |       1
   35 |   19197 |       1
   36 |   19673 |       1
   37 |   20149 |       1
   38 |   20624 |       1
   39 |   21100 |       1
   40 |   21576 |       1
   41 |   22051 |       1
   42 |   22527 |       1
   43 |   23003 |       1
   44 |   23478 |       1
   45 |   23954 |       1
   46 |   24430 |       1
   47 |   24906 |       1
   48 |   25381 |       1
   49 |   25857 |       1
   50 |   26333 |       1
   51 |   26808 |       1
   52 |   27284 |       1
   53 |   27760 |       1
   54 |   28235 |       1
   55 |   28711 |       1
   56 |   29187 |       1
   57 |   29662 |       1
   58 |   30138 |       1
   59 |   30614 |       1
   60 |   31089 |       1
   61 |   31565 |       1
   62 |   32041 |       1
   63 |   32516 |       1
   64 |   32992 |       1
   65 |   33468 |       1
   66 |   33944 |       1
   67 |   34419 |       1
   68 |   34895 |       1
   69 |   35371 |       1
   70 |   35846 |       1
   71 |   36322 |       1
   72 |   36798 |       1
   73 |   37273 |       1
   74 |   37749 |       1
   75 |   38225 |       1
   76 |   38700 |       1
   77 |   39176 |       1
   78 |   39652 |       1
   79 |   40127 |       1
   80 |   40603 |       1
   81 |   41079 |       1
   82 |   41555 |       1
   83 |   42030 |       1
   84 |   42506 |       1
   85 |   42982 |       1
   86 |   43457 |       1
   87 |   43933 |       1
   88 |   44409 |       1
   89 |   44884 |       1
   90 |   45360 |       1

----------------------------------------------------------------------------

ID 100 | WarGod Thrue | Asset: ally_100 | 8★
Max Level: 90
Base AP: 3402 -> 59535 | raw growth/level = 630.707865169
Base HP: 17010 -> 340200 | raw growth/level = 3631.34831461

Level | Base AP | Base HP
------|---------|---------
    1 |    3402 |   17010
    2 |    4033 |   20641
    3 |    4663 |   24273
    4 |    5294 |   27904
    5 |    5925 |   31535
    6 |    6556 |   35167
    7 |    7186 |   38798
    8 |    7817 |   42429
    9 |    8448 |   46061
   10 |    9078 |   49692
   11 |    9709 |   53323
   12 |   10340 |   56955
   13 |   10970 |   60586
   14 |   11601 |   64218
   15 |   12232 |   67849
   16 |   12863 |   71480
   17 |   13493 |   75112
   18 |   14124 |   78743
   19 |   14755 |   82374
   20 |   15385 |   86006
   21 |   16016 |   89637
   22 |   16647 |   93268
   23 |   17278 |   96900
   24 |   17908 |  100531
   25 |   18539 |  104162
   26 |   19170 |  107794
   27 |   19800 |  111425
   28 |   20431 |  115056
   29 |   21062 |  118688
   30 |   21693 |  122319
   31 |   22323 |  125950
   32 |   22954 |  129582
   33 |   23585 |  133213
   34 |   24215 |  136844
   35 |   24846 |  140476
   36 |   25477 |  144107
   37 |   26107 |  147739
   38 |   26738 |  151370
   39 |   27369 |  155001
   40 |   28000 |  158633
   41 |   28630 |  162264
   42 |   29261 |  165895
   43 |   29892 |  169527
   44 |   30522 |  173158
   45 |   31153 |  176789
   46 |   31784 |  180421
   47 |   32415 |  184052
   48 |   33045 |  187683
   49 |   33676 |  191315
   50 |   34307 |  194946
   51 |   34937 |  198577
   52 |   35568 |  202209
   53 |   36199 |  205840
   54 |   36830 |  209471
   55 |   37460 |  213103
   56 |   38091 |  216734
   57 |   38722 |  220366
   58 |   39352 |  223997
   59 |   39983 |  227628
   60 |   40614 |  231260
   61 |   41244 |  234891
   62 |   41875 |  238522
   63 |   42506 |  242154
   64 |   43137 |  245785
   65 |   43767 |  249416
   66 |   44398 |  253048
   67 |   45029 |  256679
   68 |   45659 |  260310
   69 |   46290 |  263942
   70 |   46921 |  267573
   71 |   47552 |  271204
   72 |   48182 |  274836
   73 |   48813 |  278467
   74 |   49444 |  282098
   75 |   50074 |  285730
   76 |   50705 |  289361
   77 |   51336 |  292992
   78 |   51967 |  296624
   79 |   52597 |  300255
   80 |   53228 |  303887
   81 |   53859 |  307518
   82 |   54489 |  311149
   83 |   55120 |  314781
   84 |   55751 |  318412
   85 |   56381 |  322043
   86 |   57012 |  325675
   87 |   57643 |  329306
   88 |   58274 |  332937
   89 |   58904 |  336569
   90 |   59535 |  340200

----------------------------------------------------------------------------
